Artist,Listeners,Daily Trend,Peak,PkListeners
The Weeknd,107592328,-138880,1,113034886
Taylor Swift,101003302,889,2,101003302
Ed Sheeran,76475126,-68137,2,87934910
Dua Lipa,76421916,-71356,4,77778397
Bad Bunny,76162057,-199052,3,83950570
Rihanna,75784389,116405,2,80958750
Drake,75371611,-67013,6,76391086
Justin Bieber,72623228,34540,6,75467229
Billie Eilish,71793820,-72877,8,72368528
Miley Cyrus,71277599,71089,2,84140935
David Guetta,70838823,-97589,4,75163500
Travis Scott,67161542,-362718,6,75422869
Ariana Grande,66501219,26682,3,82981758
Coldplay,65709359,-24710,12,69814134
Calvin Harris,65035055,32662,13,67342768
Shakira,64372012,-130204,3,82268835
Eminem,64022485,-52362,11,68591390
Post Malone,63914311,-55144,13,67066636
Bruno Mars,63867677,246177,17,63867677
Doja Cat,63625260,716207,20,63625260
Nicki Minaj,62742304,-199822,18,65680733
SZA,61778853,-1645,9,69932543
Harry Styles,59560609,-131842,13,66411599
Olivia Rodrigo,58763998,732723,24,58763998
Imagine Dragons,58675255,139463,18,61624656
Kanye West,58060520,91184,24,58060520
Maroon 5,57136964,-16983,21,58793104
Marshmello,57114865,125302,21,58346399
KAROL G,56787835,-42758,21,59143777
Lana Del Rey,56710801,-29886,27,56740687
Sam Smith,56001427,3604,7,73972799
21 Savage,55901908,86564,19,61319583
Selena Gomez,55309116,208288,22,58879269
Daddy Yankee,54174801,-95548,22,58098739
Lady Gaga,52765199,-1753,22,57730508
Metro Boomin,52207822,-97261,17,62911430
Future,52074976,-148160,22,58360653
Khalid,51957671,-57019,28,54186217
J Balvin,51590178,-73978,29,54792335
BeyoncÃ©,51442770,-122792,26,55563018
Adele,51380385,57407,31,53902159
Katy Perry,51148181,51119,29,53998988
Peso Pluma,50247712,71053,33,53877990
Elton John,48343456,43055,40,50362330
Queen,47586054,93668,45,48573860
Chris Brown,47450314,-25474,25,54390450
Kendrick Lamar,47391930,-8503,33,54045549
OneRepublic,47384563,-104857,39,50035577
Myke Towers,47028831,-27706,49,47235005
Rauw Alejandro,46559302,-100409,34,52131934
Ozuna,45879131,-106370,40,51532028
Arctic Monkeys,45790038,124615,52,45790038
Sia,45728333,-29481,43,47868578
Shawn Mendes,44310129,-12741,45,46917936
Bebe Rexha,43999789,-1426,37,49496274
TiÃ«sto,43284312,-243951,44,46094072
Halsey,42532070,1172,48,45939636
Bizarrap,42259038,-150381,28,54300662
Charlie Puth,41537987,-17338,58,42603508
Ice Spice,41330265,-368853,49,47203544
J. Cole,41053576,-4941,56,44549954
Ellie Goulding,40958180,-74640,51,45626754
Anne-Marie,40359289,-67430,61,41501481
Madonna,40170466,-70403,60,42630784
Black Eyed Peas,39759009,-4973,57,41190019
Feid,39309942,-23179,61,40900736
Maluma,39049409,-55109,67,39104518
Camila Cabello,39036838,-25627,57,40828152
Swae Lee,38810802,-23101,51,47431521
Arijit Singh,38690595,147172,70,38690595
One Direction,38536749,-40048,58,41614431
James Arthur,38265678,-77643,71,38458175
Farruko,37832243,-46192,64,39498431
Quevedo,37671317,-44364,72,38182790
Playboi Carti,37595035,34209,71,38720453
The Chainsmokers,37113564,141989,69,39275751
Pitbull,37073791,56974,74,37627528
Gunna,36860616,101699,78,36860616
Michael Jackson,36634625,65824,68,37313351
Avicii,36181200,1280,69,36886926
Kali Uchis,36163829,-178999,80,36342828
JAY-Z,36123827,-12340,66,37146089
Latto,35830709,88151,74,38062951
XXXTENTACION,35700316,87724,67,36958905
Manuel Turizo,35401805,41489,66,38186155
Grupo Frontera,35384989,-45669,64,39234817
Lil Wayne,35298366,3295,70,38862257
ROSALÃA,35254223,-174433,47,46715627
Pritam,34813108,32214,85,35430435
Lil Uzi Vert,34776681,-128643,67,39580515
Aqua,34609662,-440555,61,41819994
Sean Paul,34452073,-20780,66,38975847
Linkin Park,34285668,36104,69,35852548
P!nk,34111856,-50380,68,36911512
Diplo,33618734,-27859,95,34587996
Britney Spears,33461012,12637,92,34525279
Jhayco,33434552,173087,97,33434552
Shreya Ghoshal,33391480,56078,98,33391480
BTS,33370323,-53412,63,40741916
Justin Timberlake,33200525,145644,100,33200525
Fleetwood Mac,33130490,105830,100,33130490
Jung Kook,33129942,14876,85,35578104
Don Omar,33056866,30248,89,34897391
Central Cee,32987690,-33056,89,35154343
Anuel AA,32893376,-3750,83,35286500
Jason Derulo,32845537,53726,87,34068587
DJ Snake,32723484,7204,96,33570740
Ava Max,32657739,-68611,95,34646542
Becky G,32649815,-40107,78,36514621
Rema,32565695,-107997,60,40010586
The Neighbourhood,32068086,69395,91,32320916
Lewis Capaldi,32040638,-22462,66,37236967
A.R. Rahman,31769038,36272,111,32074308
The Kid LAROI,31700200,-129742,50,44114355
Cardi B,31401409,617636,98,31708178
50 Cent,31289781,-731,93,32332190
Young Thug,31113135,-44063,97,33656406
Coi Leray,31104332,-17970,72,38479080
Demi Lovato,31083651,142413,102,31083651
Alan Walker,31013358,-48174,100,33218914
Pharrell Williams,30939195,-60901,102,33039602
Wiz Khalifa,30768961,-37240,103,31867476
Lil Baby,30624100,-122191,100,31786556
Snoop Dogg,30263549,-59762,109,31429177
Macklemore,30261973,48215,125,30626076
Red Hot Chili Peppers,30185947,1249,122,30682414
Juice WRLD,30165389,-54308,94,32553139
The Beatles,30044113,52624,108,31696352
Green Day,29704236,158004,129,29704236
A$AP Rocky,29660375,-23433,100,33183011
"Tyler, The Creator",29527907,-26626,86,34491803
DaBaby,29327146,-34517,103,32070946
Young Miko,29292068,-15141,133,29307209
Tainy,29180506,-75309,91,35233699
Lil Nas X,29158630,-51864,61,37597256
Labrinth,29013808,27513,67,36829106
Creedence Clearwater Revival,28942817,90137,137,29547475
Guns N' Roses,28849559,32997,135,28849559
Dave,28749706,109163,139,28749706
USHER,28531394,1180,134,28894796
AC/DC,28530585,38379,135,29132903
Kodak Black,28193190,27872,99,33708388
Chencho Corleone,28042630,42560,106,31051924
Sebastian Yatra,28039329,6030,137,28235688
Hozier,28000162,65879,105,30293009
RAYE,27913578,300641,70,36484906
Nirvana,27865999,-13961,132,28310769
Nicky Jam,27839029,-19928,128,30366327
Miguel,27835809,-27797,80,34144669
Frank Ocean,27775072,48033,150,27775072
ABBA,27756518,6112,141,28390214
Lil Durk,27688791,-64922,92,34773282
Flo Rida,27655303,57232,139,28152627
Troye Sivan,27324893,90666,140,28352154
Robin Schulz,27163571,-24072,76,34908935
Kygo,27098941,-58266,127,29436685
Bon Jovi,26747426,43119,157,26864457
Junior H,26714363,53153,142,28680566
Ty Dolla $ign,26675835,-86111,132,29389940
Calum Scott,26667453,-1960,131,28397540
Steve Lacy,26650153,81926,111,29765204
Jack Harlow,26620407,-14428,103,32198313
Eslabon Armado,26453581,-125276,64,40132836
Daniel Caesar,26269701,7187,158,26993957
Stephen Sanchez,26219969,-73423,82,34322910
Bee Gees,26203297,115012,166,26203297
The Police,26182817,95098,167,26182817
Meghan Trainor,26105163,-6434,69,37377997
Fall Out Boy,26034639,-46938,129,30377374
DJ Khaled,26022795,-275175,124,27862957
FIFTY FIFTY,25946120,-141191,70,37675143
Maria Becerra,25927836,3571,159,26919900
The Rolling Stones,25826785,277634,173,25826785
Morgan Wallen,25748660,19305,160,26588086
d4vd,25720715,118176,94,31836766
Twenty One Pilots,25691096,51544,157,27206643
Carin Leon,25609771,63252,177,25609771
Lost Frequencies,25466808,65302,175,25466808
NewJeans,25411049,-30073,160,26786050
Akon,25310879,-102563,157,26975304
David Kushner,25151742,29632,143,27928294
PinkPantheress,25151265,20568,60,39844680
Amitabh Bhattacharya,25062547,-4304,160,26965104
Metallica,25060410,34725,144,26870829
Sabrina Carpenter,25017911,25869,171,25017911
Mariah Carey,24989476,64194,161,24989476
Major Lazer,24984663,35475,186,25065451
Nelly Furtado,24962665,198953,188,24962665
JVKE,24850437,-54435,110,31684143
Tame Impala,24668031,-37664,162,26702310
Swedish House Mafia,24623937,-27743,187,24899684
Tyga,24604130,2401,176,25118039
Jonas Brothers,24509669,-4383,184,25278372
Alicia Keys,24418967,27693,169,25833027
Yng Lvcas,24340556,-92754,101,32431402
Tory Lanez,24339532,6694,196,24339532
ZAYN,24323031,-32418,171,26177320
Polo G,24310207,10356,170,24908452
BLACKPINK,24221202,158521,173,25116235
Yandel,24214789,21019,126,27875326
Kid Cudi,24184963,-17956,183,25014740
Duki,24181175,-5204,162,26492455
Mac Miller,24074093,19050,192,24328100
Radiohead,24014999,21738,177,25390483
Enrique Iglesias,24010676,17562,183,24875119
Pop Smoke,23985199,48708,162,25280553
Anirudh Ravichander,23976058,287519,207,23976058
Christina Aguilera,23817447,-15204,178,24406255
ArcÃ¡ngel,23798577,-47379,112,29918189
Glass Animals,23750110,-28407,132,28077809
Ryan Castro,23745395,-24467,210,23769862
Don Toliver,23741853,-42682,111,29569041
Alok,23687842,103442,179,24137105
Romeo Santos,23683598,-17193,113,29261273
Luke Combs,23665095,-19228,210,23778371
Peggy Gou,23475593,32145,215,23475593
Conan Gray,23450283,29920,182,24741096
Aerosmith,23377764,50806,201,23447874
Whitney Houston,23349781,-20803,186,24487241
Zara Larsson,23300652,-45597,166,26403685
Gorillaz,23290331,-1892,54,41977704
Tom Odell,23284933,19486,122,28365299
Charli XCX,23281504,-6317,205,24071976
Disney,23281326,36003,201,24054234
2Pac,23214872,-3094,189,24294167
Giveon,23176661,-6374,145,25291400
Joji,23123178,25722,116,29284554
Em Beihold,23042309,3517,135,26666031
R3HAB,22953721,-18387,210,23584295
Tate McRae,22852503,-19337,93,32013045
Fuerza Regida,22820125,59998,195,24340375
Panic! At The Disco,22806854,-50057,165,26282167
Dr. Dre,22806583,-72259,199,23239378
Jennifer Lopez,22800360,-3489,207,23502805
El Alfa,22652171,62033,235,22652171
Ne-Yo,22638529,81459,221,22638529
Childish Gambino,22636743,29034,205,23794827
Martin Garrix,22635843,-36999,175,23962214
Billy Joel,22567417,-18951,227,22858255
Vance Joy,22539880,-38722,188,24815037
Eladio Carrion,22534665,-50526,156,26738598
Trippie Redd,22527269,-4254,214,22531523
Mark Ronson,22509775,31881,189,23123246
Macklemore & Ryan Lewis,22494608,50050,242,22494608
Ryan Lewis,22451715,49105,244,22451715
The Lumineers,22447688,137341,246,22447688
Shilpa Rao,22415004,208695,247,22415004
Nicki Nicole,22404339,-7699,178,24400549
Mora,22354623,199866,245,22354623
Megan Thee Stallion,22276169,743072,163,24128927
Elley DuhÃ©,22242502,-116291,150,25586962
The Killers,22220165,28117,239,22220165
Kim Petras,22209434,-139638,43,46551289
Luis Fonsi,22126853,11623,214,23290182
MÃ¥neskin,22017529,207670,134,26818201
Vishal-Shekhar,22017118,32546,189,24626006
Sachin-Jigar,21882944,-16607,186,24755766
Skrillex,21776916,-8692,175,23635431
Paramore,21507264,-58644,251,21953962
MEDUZA,21452812,5775,222,22148251
Clean Bandit,21416998,-2520,210,23755636
Camilo,21355225,61671,249,21515170
The Notorious B.I.G.,21337810,-47083,202,23352541
Brent Faiyaz,21328005,35169,239,22307149
Felix Jaehn,21252900,-25613,194,22767105
Lizzo,21204430,-114528,105,30100497
Jonas Blue,21171279,-51081,226,22821691
John Legend,21156371,3135,156,24516883
Lorde,21135977,61379,262,21135977
Sech,21069014,-44016,174,23591625
Outkast,21054876,12509,266,21054876
Zach Bryan,21027724,418482,272,21027724
Summer Walker,20988470,10464,249,21447325
JID,20839227,33806,191,24589102
Wisin & Yandel,20830791,781,173,23350285
Foo Fighters,20702362,10361,231,22630908
Phil Collins,20668195,-24979,267,20868436
Bastille,20612768,28204,264,20612768
Zion & Lennox,20579547,-14695,230,22169487
Roddy Ricch,20560456,-182007,205,23016594
Tanishk Bagchi,20541786,28494,214,23360299
Anitta,20478580,-23960,151,24747002
Eagles,20377153,-384,270,20867139
Natanael Cano,20317260,10108,167,25627596
TOTO,20311058,33975,285,20311058
Offset,20266550,-62077,183,24969472
Plan B,20263118,-7975,272,20730655
NLE Choppa,20234883,54949,181,24991591
U2,20231049,-19546,233,20920933
Oasis,20201900,-29576,279,20341409
Lauv,20133270,-39928,275,20320115
Jubin Nautiyal,20122460,55910,241,22249499
KK,20082172,20758,292,20082172
Anderson .Paak,20064181,20224,197,22604620
Burna Boy,20059135,49004,295,20059135
Tears For Fears,20049284,81402,294,20049284
Udit Narayan,20017880,2316,282,20344679
Marvin Gaye,19999932,106656,298,19999932
Ruth B.,19993155,-27823,224,22101563
Daft Punk,19955865,-24170,225,22870534
Rels B,19927938,48750,299,19927938
Tiago PZK,19841135,28233,244,22253606
Chris Stapleton,19801736,52341,300,19801736
Christian Nodal,19764453,-7709,226,20998189
Bryan Adams,19753710,15688,269,20988297
5 Seconds of Summer,19747371,45837,252,20561330
Reik,19710478,13088,253,20365963
Darshan Raval,19709477,59579,306,19709477
Timbaland,19697130,245021,299,19697130
Bob Marley & The Wailers,19665617,-50125,278,20574539
Gabito Ballesteros,19637756,60036,270,21000728
Alesso,19557582,27769,259,20146977
Florence + The Machine,19552706,15445,275,20421919
PNAU,19504177,-40046,220,22323897
A Boogie Wit da Hoodie,19293685,143327,213,22882543
B.o.B,19263068,-16293,312,19279361
Grupo Firme,19086940,-50062,313,19231331
Stevie Wonder,19033396,8206,298,19152891
TINI,19022854,-46589,194,22906402
Alka Yagnik,19006775,-10308,287,20003871
Jay Wheeler,18977419,-72,321,18977491
Nelly,18927046,946,316,18934660
Kesha,18881699,-8253,275,20265888
Shankar Mahadevan,18856947,-1740,324,18858687
Big Sean,18842322,3740,252,20137963
Becky Hill,18830073,-33729,257,20058164
Julia Michaels,18826294,-30139,309,19031718
Pink Floyd,18791532,42817,258,19735588
Hotel Ugly,18736585,49078,329,18736585
The Offspring,18727741,66985,309,18974256
MC Kevin o Chris,18621476,-15142,317,19054899
Danny Ocean,18500280,-30000,270,19413332
Migos,18431323,33372,296,19231013
Led Zeppelin,18414926,-29609,294,19271072
Avril Lavigne,18335483,-17103,263,20377425
Juanes,18327301,28549,333,18327301
Journey,18282249,-24205,318,18820358
Vishal Mishra,18261208,46682,338,18261208
French Montana,18158009,-12886,313,18824754
Train,18142889,-1265,333,18233868
Doechii,18083033,-40733,334,18255625
Piso 21,18041669,-52384,317,18475745
Jonita Gandhi,18013716,90475,343,18013716
R.E.M.,17988456,-17031,332,18075934
Carly Rae Jepsen,17950309,-72844,317,18869973
Elvis Presley,17943572,3867,302,18250177
Oliver Tree,17918599,-19456,85,33995315
blink-182,17911522,676,331,18320916
Cigarettes After Sex,17884283,28252,311,17884283
Alec Benjamin,17821830,-1021,251,21741517
"Earth, Wind & Fire",17739235,69036,343,17814587
Kelly Clarkson,17736733,44476,312,19069054
League of Legends,17629115,-1472,266,19497150
Joel Corry,17608419,237,301,18601830
Dire Straits,17583132,-3510,331,17760775
a-ha,17509236,18570,284,19841837
Shaggy,17474596,7058,328,18459819
Aventura,17468742,-751,350,17471920
System Of A Down,17456630,38758,336,18130029
ManÃ¡,17455399,-19293,334,18038073
Daryl Hall & John Oates,17454211,35165,360,17454211
BeÃ©le,17430193,58869,362,17430193
blackbear,17365114,-22893,259,19962853
Justin Quiles,17364884,-3684,223,21467956
Little Mix,17298704,6054,287,18369704
Ãengo Flow,17290081,5978,207,22145574
Luis Miguel,17287281,-71894,309,18979295
Dean Lewis,17282123,-30236,266,19535547
De La Ghetto,17276193,-36724,238,20551958
YoungBoy Never Broke Again,17263743,76609,288,19051130
Baby Keem,17258372,7503,313,19003131
Alessia Cara,17190344,27606,320,17349861
PARTYNEXTDOOR,17182482,26823,291,18054870
Vishal Dadlani,17102060,69105,307,18868957
Niall Horan,17046772,-37431,129,27578996
Jason Mraz,17024069,-32684,341,17226912
G-Eazy,17013957,65527,344,17912081
Backstreet Boys,16972687,14853,349,17431880
Sonu Nigam,16957534,-23325,365,17180089
The Cranberries,16946878,39673,380,16946878
The Cure,16913364,25795,354,17197307
Chinmayi,16911977,26041,382,16911977
Lil Tjay,16885557,-22251,268,19548091
Atif Aslam,16866865,1763,344,17893030
Cris Mj,16861487,-155874,276,19079138
Steve Aoki,16859565,-20905,216,21606912
Mac DeMarco,16836296,33569,318,18145084
David Bowie,16821498,25801,317,17901607
Shania Twain,16809895,-67502,352,17682454
Emilia,16804719,129283,337,18124895
George Michael,16790739,11776,384,16790739
Imanbek,16787217,-5195,280,18669813
Dominic Fike,16781477,-8872,270,20806994
Libianca,16748951,-106620,254,21800126
The Script,16748730,7734,360,16748730
Russ,16701888,59483,365,16701888
George Ezra,16660984,-47048,291,18364138
Nile Rodgers,16656408,-70929,277,20102441
Jasleen Royal,16651077,267477,399,16651077
FMK,16640237,21536,356,17577323
Mohit Chauhan,16632516,12895,325,18491100
Zedd,16592427,-22999,317,16864646
Gucci Mane,16553573,1207,401,16553573
Bryson Tiller,16551017,31078,319,16965435
Luis R Conriquez,16514511,-995,323,18605177
Prince Royce,16491435,7869,339,17608087
Mc Gw,16488133,254568,407,16488133
Eden MuÃ±oz,16485789,79908,408,16485789
Lynyrd Skynyrd,16456350,22202,389,16572873
NF,16455308,29810,275,19447227
LUDMILLA,16391761,4530,407,16391761
Quavo,16303771,-5022,347,17155421
Bill Withers,16261729,74148,413,16261729
Sachet Tandon,16227051,49521,363,17257983
Bruce Springsteen,16226643,-3525,344,17869969
AP Dhillon,16210854,115404,416,16210854
Ice Cube,16195049,-26247,325,18290286
Lil Tecca,16138802,84030,418,16138802
LIT killah,16101675,38469,383,16770036
Kungs,16063291,-72315,401,16442885
Jax Jones,16051684,-25656,354,17202952
Topic,16040418,-26624,343,16634144
Ella Henderson,16025418,-27535,364,17142204
Los Ãngeles Azules,16021310,69209,424,16021310
Jessie J,15971871,8482,371,16354955
Tove Lo,15970694,-93002,321,16726850
Bad Gyal,15942222,29193,427,15942222
benny blanco,15930635,15596,292,18291830
Rosa Linn,15915017,-101458,213,22368082
Lord Huron,15906977,46023,430,15906977
Gesaffelstein,15891155,-2050,273,18995025
Tokischa,15856953,20355,430,15856953
Banda MS de Sergio LizÃ¡rraga,15852687,-22071,393,16144034
Keane,15823574,22462,384,16818849
The White Stripes,15800722,12829,408,15808149
MC Ryan SP,15750834,46689,360,15750834
Badshah,15710761,52634,413,15817767
The Goo Goo Dolls,15704120,-66442,413,16193584
John Mayer,15629289,-26335,327,17101929
Shankar-Ehsaan-Loy,15619026,2822,436,15619026
Nickelback,15571772,19770,414,15571772
070 Shake,15549639,-45030,101,30903161
Ana Castela,15542197,49890,433,15542197
My Chemical Romance,15525039,17294,407,16000446
Sunidhi Chauhan,15477126,7539,385,16752575
Cyndi Lauper,15453338,-25462,402,16392835
Bon Iver,15427244,13230,447,15427244
Kings of Leon,15415693,22547,413,15517769
Ricky Martin,15401930,-25758,365,15850419
beabadoobee,15334890,3646,316,17155398
Brray,15301717,113328,451,15301717
Noah Kahan,15259153,-25811,389,16640382
Gwen Stefani,15242336,7264,431,15462234
TV Girl,15240196,39325,438,15240196
Blessd,15179576,-27882,428,15491077
Santana,15173412,-53704,344,15311085
Julieta Venegas,15136147,6715,427,15174990
Gabry Ponte,15117896,22355,379,15543123
Ovy On The Drums,15089695,-59762,256,19658860
DENNIS,15073535,-21017,432,15645823
NATTI NATASHA,15062502,-27886,331,17498549
Amy Winehouse,15060801,-437,417,15061837
Annie Lennox,15024556,18084,440,15046117
6LACK,15006811,-5541,321,16978376
Black Sabbath,14873594,25631,465,14873594
Carlos Vives,14861437,2487,375,15105637
B Praak,14842549,2728,406,16083066
Kylie Minogue,14838923,1291,416,15935222
Alejandro FernÃ¡ndez,14799640,-17682,404,16078925
Lil Peep,14749584,54930,387,15038447
Bomba EstÃ©reo,14740676,-30415,290,18055394
Armin van Buuren,14739359,5944,440,15231658
Jain,14707409,-62916,381,16926660
Rusherking,14658187,30687,426,15596238
Mike Posner,14619745,-11992,464,14745638
Morat,14595190,57208,344,15733395
Clairo,14585428,42681,462,14585428
Big One,14579468,-173215,398,16419449
Kunaal Vermaa,14549882,53629,479,14549882
Lenny TavÃ¡rez,14505595,3206,425,14627402
Disclosure,14499906,-20880,433,15496017
Melanie Martinez,14499873,-563,257,20251491
Madison Beer,14495280,-20928,458,14828204
Purple Disco Machine,14464092,114154,451,14934992
Weezer,14439765,-5803,440,15286346
Frank Sinatra,14391925,33674,486,14391925
Mithoon,14380477,-4183,469,14569645
Fred again..,14358951,-149545,449,14508496
Armaan Malik,14291502,43113,381,16761065
Kacey Musgraves,14284778,506195,490,14284778
Benson Boone,14274669,-10909,488,14307536
Jorja Smith,14242850,4091,469,14672140
Meek Mill,14213200,2426,393,15553179
Tony Dize,14179930,4342,494,14187225
Destiny's Child,14171491,-640,470,14542444
DJ Luian,14170471,-12206,293,19413064
Milky Chance,14151286,-12108,417,15853645
Lukas Graham,14137648,-97090,467,14795359
Empire of the Sun,14125570,23744,477,14291146
New West,14087997,-46730,421,15372580
Van Halen,14048868,-50639,485,14349969
Passenger,14047859,-7560,478,14407135
Neha Kakkar,14034288,10412,397,15937303
Parampara Tandon,14023788,34343,433,15379200
D-Block Europe,14019098,458049,505,14019098
Jaani,14012948,52696,506,14012948
24kGoldn,14012294,-2301,393,15117675
Mambo Kingz,14009730,-12561,298,19318210
Paulo Londra,13918348,-20622,401,15253786
Tones And I,13912509,-44668,416,14965603
Himesh Reshammiya,13897260,9306,457,14754090
Rita Ora,13829017,13510,350,15748850
Kehlani,13773404,24523,413,14545020
Zendaya,13750898,-74981,496,14154770
Asees Kaur,13746431,21085,420,15041867
Limp Bizkit,13745027,17737,514,13745027
Gym Class Heroes,13737194,88753,455,14681834
Galantis,13730004,41419,338,16168291
Maren Morris,13716963,-38673,432,14821271
Rae Sremmurd,13680387,-15879,412,15144345
Los Tucanes De Tijuana,13667156,114709,521,13667156
Arcane,13661956,16565,347,16018371
Sam Feldt,13606617,-35780,435,15313300
Tems,13595161,-5647,439,14154825
The 1975,13559423,-12208,341,16303938
Foster The People,13556684,-13733,505,13958743
Cage The Elephant,13554549,6497,504,13555170
Tulsi Kumar,13553064,6810,450,14928757
Grupo Marca Registrada,13553062,113315,411,15390642
Jesse & Joy,13532022,-74820,492,13956774
Alejandro Sanz,13520993,-3668,432,14395340
X Ambassadors,13513613,-10342,398,14934403
Sean Kingston,13500823,7392,527,13512941
Rochak Kohli,13497098,15897,470,14635559
Depeche Mode,13481263,-61547,418,14555707
Javed Ali,13463479,32737,498,13996014
Dolly Parton,13458703,-28438,465,14361010
Dan + Shay,13428922,-8228,388,15689498
Coolio,13406704,27250,469,13884382
King,13383003,-30083,392,16307386
Eyedress,13377144,83769,541,13377144
Rex Orange County,13355048,2612,336,16098724
Muse,13344215,6481,480,13793019
Neeti Mohan,13342643,39665,471,14400198
Silk Sonic,13330824,34781,373,15167191
sped up nightcore,13329402,-6971,300,17931530
Ms. Lauryn Hill,13327564,-26658,541,13354222
Fast & Furious: The Fast Saga,13285863,-65995,280,20526487
Aitana,13274850,21758,411,15094220
Wisin,13261016,28135,405,15614069
Machine Gun Kelly,13241212,-11382,409,14429847
CÃ©line Dion,13224660,-2109,467,13852973
Florida Georgia Line,13198545,-15679,505,13886025
Lil Yachty,13193027,-137105,509,13460078
Shubh,13187776,20399,555,13187776
Scorpions,13184116,6395,514,13334338
Kordhell,13164820,-6662,408,14497317
Pearl Jam,13161368,-19878,488,13397739
KISS,13149841,15827,475,13671399
Bazzi,13111121,-4279,428,14609192
Bring Me The Horizon,13110469,20406,475,14321194
DJ Nelson,13041599,20755,510,13041599
Chase Atlantic,13003848,44143,533,13183688
Amaal Mallik,13000859,50758,508,13764448
WILLOW,12961454,32611,360,15561760
Dulquer Salmaan,12956266,350067,566,12956266
Tammi Terrell,12952760,105273,567,12952760
Blondie,12949446,1183,552,13057727
The Smiths,12939257,15801,569,12939257
Hariharan,12936969,-978,560,12937947
Pablo AlborÃ¡n,12915982,5355,519,12924373
Jowell & Randy,12914399,-963,516,12918152
Laufey,12906283,184252,573,12906283
The Strokes,12906248,8470,534,12989467
Nicky Youre,12895618,-38063,362,16422807
Taio Cruz,12885150,24586,520,13246597
Boney M.,12859029,-2000,519,13636105
girl in red,12852327,27969,496,12881109
LuÃ­sa Sonza,12779320,295469,579,12779320
Milo j,12759373,-71972,468,14194175
Yahritza Y Su Esencia,12752992,-106618,424,15778618
Van Morrison,12740150,-36658,536,13440284
The Game,12704338,-4039,508,12717750
Jack Johnson,12696219,-9352,538,12705571
NAV,12685475,-55817,203,24009796
Dermot Kennedy,12666199,-20092,405,14690713
Nio Garcia,12636759,-3359,484,13791945
MGMT,12632508,5758,538,12859126
MarÃ­lia MendonÃ§a,12621397,36152,398,14932890
Lata Mangeshkar,12599244,6387,575,12686479
Gusttavo Lima,12574418,56792,572,12574418
MNEK,12574196,-21366,451,13903326
Electric Light Orchestra,12535208,-5849,522,13492386
Jeremih,12527656,11115,536,12527656
S3BZS,12517406,26250,589,12517406
Kane Brown,12491654,-25224,514,13741481
Mc Don Juan,12453939,11249,515,12740103
Evanescence,12427349,9843,592,12427349
Benny Dayal,12400284,40123,599,12400284
Bradley Cooper,12397414,-12349,457,13661847
Sid Sriram,12396163,8565,596,12396163
Mau y Ricky,12388586,7021,489,12943019
Henrique & Juliano,12375381,45111,590,12589995
iann dior,12374919,65013,438,14436905
Chino Pacas,12362414,207980,474,13958546
Sky Rompiendo,12316903,-32532,403,16344563
Rahat Fateh Ali Khan,12281250,-9645,479,14303179
Fergie,12233012,13905,562,12233012
Rick Ross,12232666,6275,516,12417329
Payal Dev,12229639,21070,607,12229639
Loreen,12194769,-33346,329,18358956
Foreigner,12184975,39247,506,13868177
Eurythmics,12176576,18371,606,12176576
Tyler Childers,12153177,109164,614,12153177
Hailee Steinfeld,12150295,-13928,440,14217074
Gustavo Mioto,12149819,17121,616,12149819
The Beach Boys,12148056,7448,554,13022489
Selena Gomez & The Scene,12134825,86410,525,12240569
Christina Perri,12120972,-5071,506,13177892
Dalex,12120281,15014,355,15759825
Shekhar Ravjiani,12105273,21305,392,15805465
Oscar Maydon,12096350,-2687,523,12908036
Chayanne,12082584,-1598,617,12084182
Matheus & Kauan,12069790,22466,605,12069790
Yeat,12057928,-78240,512,12395785
Eric Clapton,12022195,-7914,550,12508878
Logic,12003658,-7684,431,13970820
M83,11982170,-8194,619,12006228
Luan Pereira,11962077,63603,629,11962077
Michael BublÃ©,11953122,58394,536,11953122
Noah Cyrus,11929770,14980,471,13719050
Slipknot,11905027,5819,543,12652937
S. P. Balasubrahmanyam,11899072,-2091,630,11902413
Ashe,11866980,-23603,623,11929826
will.i.am,11865210,10366,566,12835275
Blur,11847080,-68004,556,12999306
Goodboys,11828871,-28837,508,12349197
Seeb,11828823,-21254,603,12208460
keshi,11822317,-33672,504,13668403
Kumaar,11797376,55927,316,16746132
Felipe Amorim,11785140,58741,641,11785140
Tina Turner,11782461,-25684,308,19164105
Calibre 50,11776754,-4969,488,12843859
CKay,11767760,-27024,429,15504745
Thundercat,11752053,27697,447,14506297
Beach House,11751820,11262,546,12185948
Normani,11751362,42517,521,12124105
Morad,11724819,-40149,608,12132801
Luan Santana,11716351,17311,649,11716351
James Hype,11714485,-31342,460,13541656
Jatin-Lalit,11711637,-1465,650,11713102
Busta Rhymes,11709674,104944,612,11856664
dazy,11698866,-24488,426,14690270
T-Pain,11690949,3816,568,11766687
DNCE,11686566,-7310,591,11981312
Robbie Williams,11681764,-20030,607,11875920
Loud Luxury,11678616,17857,593,12238932
SYML,11673747,-6871,464,13654711
SalimâSulaiman,11668946,-4185,613,12134086
Sigala,11667778,-40060,384,15011420
James Blunt,11656003,-34921,553,12564967
Ke Personajes,11653793,-14229,636,11789284
ZÃ© Neto & Cristiano,11653473,32024,663,11653473
Luke Bryan,11646218,-46866,601,12170317
The Clash,11627935,-23901,615,12028653
Sade,11627309,-11727,570,12799239
AURORA,11613956,3975,473,13167918
V,11606153,302681,668,11606153
Saiko,11603478,210934,669,11603478
A$AP Ferg,11600864,-906,585,12133735
James Bay,11592902,-75770,571,11931200
Spice Girls,11577466,-31224,591,12466014
Lyanno,11574495,-35490,416,14535766
Paul McCartney,11573817,34147,500,12562122
Tracy Chapman,11560802,-39568,632,11917981
INNA,11553441,-24594,646,11722076
Mari Fernandez,11536832,11548,515,12592523
Johnny Cash,11534601,-7545,592,11955065
Wham!,11533536,7873,677,11533536
Papa Roach,11525569,14786,624,11525569
Aretha Franklin,11524332,-12877,546,13183598
Key Glock,11519380,52042,642,11519380
The Pussycat Dolls,11516978,-1145,619,11566351
Ciara,11498096,-29467,639,11780496
Kate Bush,11490818,-452,424,14101915
Sukhwinder Singh,11489132,56895,686,11489132
FISHER,11488151,-6427,682,11494578
Lionel Richie,11482572,-7760,641,11623824
Anu Malik,11473160,-3301,608,12058014
WALK THE MOON,11444526,-23965,631,11883990
Simon & Garfunkel,11409572,1567,575,12013714
Marc Anthony,11403042,-9315,419,14118563
Yuvan Shankar Raja,11396407,9709,692,11396407
Billy Idol,11379187,-1662,628,11900592
Altamash Faridi,11376980,-39361,530,13542217
John Newman,11366247,-19411,612,12154111
3 Doors Down,11363335,-26212,681,11435840
Zac Brown Band,11359157,3249,654,11574609
John Martin,11351478,-26272,668,11535835
K. S. Chithra,11339272,-14727,692,11364537
Los Enanitos Verdes,11317703,30337,653,11538324
Cults,11316837,11862,463,13266271
Lin-Manuel Miranda,11315976,569,532,12025330
Mitski,11310399,29225,642,11457947
Prince,11296425,6771,630,11836356
Kadu Martins,11268989,12573,706,11268989
Santa Fe Klan,11255812,143758,677,11255812
Devi Sri Prasad,11241644,15515,594,12101218
Tom Petty,11238824,16537,698,11238824
Moneybagg Yo,11237831,-14579,543,13361761
The Walters,11237281,2582,543,11865299
(G)I-DLE,11207374,-37538,599,12216685
Ãejo,11203209,-5023,653,11625762
Jorge & Mateus,11197401,20435,539,11885902
Brytiago,11182139,57329,615,11182139
YG,11179867,-14265,530,12471725
Dove Cameron,11178406,504512,367,15363797
Jaymes Young,11176774,-37989,530,13123344
The Doors,11176130,10514,633,11823570
Soulja Boy,11166216,6596,669,11166216
James Blake,11165921,42820,582,12512105
$uicideboy$,11158631,-24198,603,11182829
Leon Bridges,11155370,1794,674,11503891
Stromae,11146761,-14365,617,11758771
Joan Sebastian,11144520,2832,657,11169107
Diljit Dosanjh,11136581,32217,655,11708690
Amit Trivedi,11134514,7880,384,14989573
Manu Chao,11122415,-37867,650,11659241
LISA,11105985,-34180,534,13364607
Seafret,11059486,-19834,480,12965413
JhenÃ© Aiko,11026717,9468,593,11509802
Israel & Rodolffo,10999760,17351,656,11483711
H.E.R.,10995651,12114,503,12500641
SOG,10993866,97184,734,10993866
Wesley SafadÃ£o,10977362,43324,630,10997207
YNW Melly,10970283,278,619,12098740
Gurinder Gill,10967648,3004,692,11301680
Diddy,10949396,-46488,508,12776020
Maiara & Maraisa,10933833,50480,622,10933833
Carrie Underwood,10920421,-64633,663,11522881
Timmy Trumpet,10917802,-24114,648,10941916
Rod Stewart,10902571,686,631,11575035
The Smashing Pumpkins,10902411,-13017,659,11044641
Bailey Zimmerman,10899853,1914,739,10899853
Bob Sinclar,10876773,-10800,725,10955141
La Oreja de Van Gogh,10876307,14827,713,10876307
Gotye,10840730,29316,661,10840730
Nas,10831547,-50880,547,13392042
Dimitri Vegas & Like Mike,10829912,-4864,652,11669908
Yo Yo Honey Singh,10815334,30103,686,11186775
SofÃ­a Reyes,10804609,-6177,607,12276010
Counting Crows,10803347,-7562,734,10864205
Thaman S,10780487,4563,663,10780487
Cosculluela,10767894,90122,678,11011074
Hombres G,10757760,790,744,10758994
T.I.,10744267,64661,587,11230035
La Adictiva,10724164,-14577,647,11239076
Juan Luis Guerra 4.40,10718577,-128,700,10964025
TLC,10668115,23708,700,11111317
Lenny Kravitz,10665928,-3762,697,10957172
Roxette,10649681,-6432,700,11155709
Justine Skye,10635767,-45301,539,11860302
Rammstein,10629300,-7080,636,11805127
INTERWORLD,10600701,4700,711,10809092
Disturbed,10586327,10856,680,10678951
Ben E. King,10584109,-51197,754,10701873
Ayra Starr,10558716,101958,541,12798195
Rudimental,10546446,-3350,704,11195138
Chance the Rapper,10543446,-1952,623,10952938
6ix9ine,10526119,-26141,584,12167814
Darell,10508541,-11758,683,10922504
Sasha Alex Sloan,10504600,-2335,463,14497829
Jeremy Zucker,10500742,-10697,513,12231275
Beach Weather,10491090,5898,597,11162772
Camila,10489182,14104,775,10489182
KHEA,10483684,9567,595,12238856
Soda Stereo,10471468,17151,777,10471468
Shouse,10465461,-27428,530,13218201
Mumford & Sons,10459358,4588,715,10459358
Korn,10456482,6119,733,10504909
Mary J. Blige,10456126,10476,696,10456126
Olivia Newton-John,10431333,26971,708,11031469
KALEO,10426944,83645,783,10426944
Survivor,10411352,-5284,723,10572103
John Lennon,10405541,37453,628,11118291
Guilherme & Benuto,10400018,37079,699,10856086
Cartel De Santa,10378022,-8757,376,15547760
2 Chainz,10353764,-15823,518,13821264
Kumar Sanu,10349727,3210,789,10352600
Danna Paola,10342684,-27840,531,12298665
Cazzu,10342214,50694,679,10701834
Shinda Kahlon,10329353,60849,792,10329353
bbno$,10325079,-4141,721,10348710
Gigi D'Agostino,10322082,-15920,773,10406240
Jordan Davis,10318612,-24049,689,11241855
A7S,10311540,-44,578,11363223
Fifth Harmony,10304947,3174,675,10680046
fun.,10301628,45551,594,12280955
Belanova,10284935,35238,799,10284935
FAST BOY,10276283,-17078,541,11900190
Flume,10274981,-687,640,10814253
Veigh,10271396,13980,802,10271396
Mc Livinho,10269046,2208,762,10591190
Regard,10268704,-175,594,11405051
TOMORROW X TOGETHER,10262457,-55041,660,11544021
Thomas Rhett,10242227,-20452,666,11239778
SAINt JHN,10240598,16196,614,10812618
Jess Glynne,10229614,-13781,707,10766008
Matheus Fernandes,10225156,58225,809,10225156
Zion,10224872,-15743,660,11549405
AJR,10205951,-25210,576,11478322
Kenny Loggins,10200387,-10615,718,10573523
Wizkid,10193951,-18717,523,13758308
Marco Antonio SolÃ­s,10190863,-1362,688,10296202
Shadab Faridi,10177076,-48062,584,12567527
Three Days Grace,10168254,41295,716,10307314
GAYLE,10166833,-36078,545,12635740
Kimbra,10161294,25682,724,10161294
Yusuf / Cat Stevens,10141636,-13376,722,10681674
Hans Zimmer,10132691,21153,725,10132691
Jessie Reyez,10131037,11813,241,21763207
Lizzy McAlpine,10123490,-37722,293,18459665
Sadhana Sargam,10114594,-2607,790,10217430
Taiu,10111704,-35270,494,13373236
Owl City,10095113,-12705,753,10331661
Supertramp,10076850,45542,826,10076850
NIKI,10066210,-33574,727,10179388
Simone Mendes,10064336,17330,828,10064336
Chief Keef,10046109,6124,701,10200557
Sting,10042495,-4389,698,10379484
MAGIC!,10042303,-25074,793,10339521
Natalia Lafourcade,10031467,-23810,705,10634148
Gera MX,10031334,-12460,725,10245917
Riton,10025454,-4445,685,11432336
TWICE,10023650,-19789,499,12855155
Sidhu Moose Wala,10022146,-20495,637,11847588
The Fray,10004725,-1473,820,10006198
Kelsea Ballerini,10001707,-104735,649,10570841
KayBlack,9993884,-16606,769,10492966
L7NNON,9985168,9275,583,11295456
Grupo Menos Ã Mais,9982472,57952,841,9982472
Trueno,9974071,7564,842,9974071
INXS,9960038,1697,809,10113379
Sleepy Hallow,9942289,-75172,838,10017461
Kany GarcÃ­a,9940323,-12558,843,9952938
Birdy,9918832,7668,662,10791626
Mae Stephens,9915545,-75301,611,11344894
Alfredo Olivas,9905823,-6034,770,10127826
Bacilos,9898399,-82319,780,10433365
MC Cabelinho,9894565,1482,818,10019022
Sum 41,9888073,-15145,816,10096879
Colbie Caillat,9887684,15909,834,9998534
Los Tigres Del Norte,9881792,-1443,781,10109410
Juan Gabriel,9873768,36924,777,9873768
Zac Efron,9872942,-74198,810,10200779
The Mamas & The Papas,9870923,8726,799,10043060
sped up + slowed,9853625,-21501,640,11797289
Otis Redding,9852094,-17055,812,10156799
BÃRNS,9846185,7182,820,10042261
Mc Pedrinho,9822284,-21856,766,10575967
Stormzy,9813546,-19322,690,10986282
Karthik,9812589,-4970,861,9817559
Dhvani Bhanushali,9808363,5998,643,11726344
Jimmy Eat World,9804332,-11485,831,9955254
Tim McGraw,9799293,-20592,790,10323631
Rage Against The Machine,9799094,-18234,737,10069643
Jason Aldean,9784148,-30590,698,11170383
Icona Pop,9756151,37243,805,9756151
Phoebe Bridgers,9745428,10185,817,9745428
Tego CalderÃ³n,9741345,-1030,746,10383550
MK,9741098,76186,871,9741098
Lunay,9722175,1683,651,10669807
The Black Keys,9720099,-40182,843,9922179
C. Tangana,9717884,25823,700,10662242
Ryan Gosling,9714871,-284389,537,13365753
Migrantes,9711549,-81840,428,14283705
Harris Jayaraj,9711316,359,877,9712164
BIA,9706788,96142,833,9706788
Nadin Amizah,9703327,16160,879,9703327
Fireboy DML,9700123,-12093,778,10491359
Isabel LaRosa,9700084,-11201,708,9880750
YOASOBI,9695052,-28210,760,10365956
Pedro CapÃ³,9673452,-2077,634,11680899
AgroPlay,9670733,10433,736,10800061
Rascal Flatts,9664065,-20964,822,10060800
James Carter,9656139,-7435,582,11924918
Kailash Kher,9653755,-48225,874,9748809
JuliÃ³n Ãlvarez y su NorteÃ±o Banda,9650635,12012,638,10658698
Mustard,9644589,-5086,648,10797192
Yuridia,9643462,-23707,569,11583989
Ofenbach,9635613,-42746,605,12268743
Cher,9635302,-18847,817,10072106
MARINA,9630446,24292,694,9930863
ILLENIUM,9625234,-16780,570,12528350
Ozzy Osbourne,9607590,33372,805,9607590
Bob Dylan,9595254,-144,718,10391094
Young Nudy,9589594,60036,819,10106926
AminÃ©,9576485,2918,632,11894189
LE SSERAFIM,9564802,-66218,641,11538091
Heart,9550535,12155,717,10760608
Pixies,9546160,12777,778,9688191
Cordae,9545919,-2495,689,11325024
R. D. Burman,9536148,12924,863,9770123
Jeet Gannguli,9529092,7109,752,10569963
Takeoff,9526541,31811,635,10587587
Fujii Kaze,9505719,-24256,584,11578504
Smash Mouth,9494485,44985,907,9494485
Vicente FernÃ¡ndez,9494414,-32664,802,10192747
Kansas,9491265,-6109,863,9780801
Matt Sassari,9482324,1378,809,10151818
Rag'n'Bone Man,9480937,54218,782,9480937
Ghea Indrawari,9471480,33821,912,9471480
Pink Sweat$,9468284,-38039,696,10134814
Shaan,9464733,10871,841,9767423
GIMS,9460495,-50638,746,10331035
Hoobastank,9455035,882,821,9661245
Kaliii,9446479,-13883,444,15169221
Bonnie Tyler,9446349,-6847,822,9640695
Mon Laferte,9437178,-7369,790,9444547
Gnarls Barkley,9429897,70983,920,9429897
Thalia,9419663,2021,699,9975578
No Doubt,9417196,-985,892,9483743
M.I.A.,9394684,36984,869,9763476
Sfera Ebbasta,9379484,-30490,703,11111971
Snow Patrol,9378617,-7354,853,9458459
Eric Church,9368340,10769,734,9854923
Ghost,9367569,25409,778,9577779
DMX,9361469,-12952,615,10919370
Louis Armstrong,9343207,-27053,870,9381586
Carla Morrison,9341520,-23048,565,11635580
ZZ Top,9327449,12092,644,11719790
El Fantasma,9318583,79517,813,9409267
Wolfine,9306575,779,933,9306575
Lola Indigo,9304364,-32406,555,12485738
Dilsinho,9304049,36902,906,9304049
ENHYPEN,9300952,8367,861,9694348
Ski Mask The Slump God,9300723,16632,738,10318769
Mahalini,9284052,885,772,10318564
Tulus,9281231,12906,895,9404134
Sam Hunt,9279020,-66340,770,10404841
Bakar,9258923,42460,817,10118759
MC PH,9252105,30573,942,9252105
XamÃ£,9250304,11266,604,10846179
Oliver Heldens,9245688,-66976,710,10165996
Dj Nk Da Serra,9242132,25336,945,9242132
Will Smith,9233761,-9027,850,9799337
Ajay-Atul,9225258,-8171,597,12421148
Kool & The Gang,9222624,-13297,875,9438307
DJ Matt D,9219446,5551,894,9504681
The Temptations,9207779,22845,935,9218250
Bryant Myers,9188847,12211,812,9278299
Portugal. The Man,9181962,46180,835,9664996
G. V. Prakash,9180441,21419,818,9270192
Noriel,9176518,7294,873,9179163
Jasiel NuÃ±ez,9176316,221020,955,9176316
Avenged Sevenfold,9167765,4200,833,9877855
Jimi Hendrix,9153763,-4524,791,9582538
Miranda!,9137951,-49774,708,10227443
Rvssian,9136365,-27492,600,11322904
Shiloh Dynasty,9129528,-15480,724,10081564
Edgardo NuÃ±ez,9125900,-20698,788,10379736
Ranveer Singh,9119186,82163,962,9119186
The Who,9116666,9768,937,9116666
Asha Bhosle,9113946,18636,964,9113946
Kavita Krishnamurthy,9113938,-10482,955,9124420
Vulgo FK,9106488,17038,966,9106488
Karan Aujla,9081861,13261,967,9081861
Ãngela Aguilar,9075992,-55196,619,10830921
Saweetie,9062270,-15412,703,10180323
Jon Pardi,9060857,23629,849,9868772
Capital Cities,9060812,32463,918,9333131
PolimÃ¡ Westcoast,9056736,-26116,415,14509409
Jimin,9050703,-26282,374,15723792
Rajat Nagpal,9050536,-1054,962,9084412
Willy William,9048318,-49494,780,10376125
Sajid-Wajid,9040861,22548,942,9124404
Oliver Anthony Music,9040509,168632,977,9040509
Micro TDH,9024902,27656,732,10282823
HUGEL,9008768,-13432,946,9063732
Sachet-Parampara,9006803,-4842,793,10271926
Simple Minds,8995075,-12690,937,9234833
ScHoolboy Q,8991045,8071,829,9019673
Benny Benassi,8990809,-27161,896,9259413
Duran Duran,8981644,9097,968,8981644
Beastie Boys,8963032,-28139,776,10144142
Deftones,8960980,14626,972,8960980
Lykke Li,8941780,14172,860,8941780
MAX,8940330,20319,750,9703746
"Tito ""El Bambino""",8936710,26032,989,8936710
Andy Grammer,8933805,-13903,733,9853235
Sufjan Stevens,8929085,22575,943,8929085
Paloma Faith,8919709,10156,579,11429573
NATTAN,8914591,28672,884,8914591
Dread Mar I,8911243,-75804,912,9302106
Blake Shelton,8906722,-9063,960,8987221
Roop Kumar Rathod,8904481,-17628,975,8971170
Guru Randhawa,8894713,3202,715,10872244
Joey Bada$$,8892251,2114,772,9716641
Sublime,8883246,-11176,916,9326078
Diego & Victor Hugo,8870831,76911,994,8870831
The Verve,8869659,-4523,967,8926326
Alan Jackson,8867885,12839,1002,8867885
Internet Money,8862363,-4866,587,11545527
Fetty Wap,8857960,3910,831,9053656
Men At Work,8853821,55002,1005,8853821
John Denver,8844512,-9326,851,9898171
MÃ¶tley CrÃ¼e,8840068,-3220,924,9165803
Vacations,8837886,15166,811,9516804
Nathan Dawe,8837246,-28523,895,9508252
Odetari,8829162,12568,1010,8829162
FINNEAS,8825874,-5127,992,8847886
Javed-Mohsin,8819514,-3102,782,10392053
Chicago,8818009,25112,824,10005709
Missy Elliott,8801557,46457,622,11145049
dhruv,8798928,-8302,795,9512222
LMFAO,8794691,-12313,905,9102613
Ella Eyre,8793489,-12755,825,9634618
Juan MagÃ¡n,8785089,11455,986,8785089
Miguel BosÃ©,8777253,-16817,653,11632240
The Doobie Brothers,8772139,-11780,946,9094086
Thirty Seconds To Mars,8754139,14701,968,8871576
Surf Curse,8737310,27901,837,9176404
Soft Cell,8734889,16760,1018,8734889
Norah Jones,8732547,-1314,823,8867934
The Outfield,8729389,28290,945,9178694
Kodaline,8721488,8526,836,9358952
Aya Nakamura,8707829,2274,734,10095739
The Cardigans,8700371,12140,1028,8700371
Richy Mitch & The Coal Miners,8698174,47643,1029,8698174
alt-J,8692531,901,843,9522225
Rvfv,8688100,79856,880,9583453
Miggy Dela Rosa,8680113,-36694,581,11442944
Two Feet,8672429,25521,856,8773770
Nikhita Gandhi,8671895,3869,683,10158586
Anggi Marito,8668727,-22120,887,9510926
Ali Gatie,8667629,-19089,756,9794001
The Jackson 5,8667464,27003,886,9341813
King Von,8651347,32665,857,9777031
VIZE,8642634,-23498,916,9126611
Creeds,8642479,16257,1040,8642479
Steve Miller Band,8635996,23491,1040,8635996
Talking Heads,8633094,4845,835,9941912
The MarÃ­as,8615841,-22459,887,9350682
Of Monsters and Men,8606023,12497,995,8606023
Kenny Chesney,8604177,-20908,880,9602722
Tiara Andini,8600932,10194,962,8967970
Ricardo Arjona,8561463,-13074,838,9021148
Hugo & Guilherme,8551755,-44,826,9528511
LANY,8534453,-13942,768,9300075
Zack Tabudlo,8533787,-2390,993,8641464
Sandro Cavazza,8523025,-16454,960,8984668
Standly,8521204,-23407,438,13833044
Mahalakshmi Iyer,8518616,-21844,1022,8659677
Duncan Laurence,8507203,9661,847,9233454
Maggie Rogers,8495392,-17247,1048,8522652
ACRAZE,8491332,-22523,577,11380380
Montell Fish,8480575,7832,1007,8480575
Grey,8479073,-13226,913,8679493
Bakermat,8470425,25554,1028,8524206
George Strait,8453718,25326,1060,8453718
JosÃ© JosÃ©,8451387,-2005,893,8457655
Dynoro,8443837,-21768,925,8527596
Tom Grennan,8443009,-29338,632,10804758
Gerardo Coronel,8435290,-21027,806,9613040
Paul Simon,8427600,-17893,932,9120134
Men I Trust,8422936,15261,1066,8422936
Old Dominion,8414360,-2188,973,8895218
Supernova Ent,8413196,-511,1046,8483150
Haze,8411986,-21714,1019,8597155
Sheryl Crow,8407938,33317,1069,8407938
Davido,8384146,-7878,1003,8713977
Dj Brunin XM,8380916,71833,1072,8380916
Dido,8380069,-15095,1039,8519938
LUM!X,8371785,-10957,830,9242972
Stray Kids,8369900,17281,887,9540156
Darius Rucker,8357257,-20284,1070,8377541
Starship,8344274,-4023,1054,8437754
Cheat Codes,8329659,-9674,608,10975050
Intense,8323154,-50,1054,8354447
Ray Charles,8307733,22422,954,8879777
America,8301858,-7099,836,9987492
Lenin RamÃ­rez,8298740,68,796,9012853
Deorro,8287012,-1755,952,9060314
Lauren Spencer Smith,8280624,7022,904,9427721
Calle 13,8280623,-23880,1033,8573634
Pailita,8274728,-1996,585,11280046
Gerardo Ortiz,8273401,18609,888,8801149
Mainstreet,8271320,16434,970,8436076
Fugees,8267043,13521,1062,8267043
Rekha Bhardwaj,8261857,30530,932,9098811
HARDY,8259284,-9042,947,8439819
Carlos Rivera,8256388,15416,847,8754994
Blxst,8254144,11103,771,9488271
Bibi Babydoll,8235771,69933,1094,8235771
Mc Paiva ZS,8226490,25652,897,8319214
Dei V,8223830,-161605,1072,8385435
The Vamps,8202829,12170,871,8639951
OMI,8189540,-2557,1014,8644180
ZÃ© Felipe,8185635,-18178,600,10925468
Tom Petty and the Heartbreakers,8183763,23534,957,9008396
LiL CaKe,8181885,-69874,470,13451768
Bvga Beatz,8180663,-1690,1084,8243029
Mabel,8176213,-14734,749,9481688
Santhosh Narayanan,8168323,-978,983,8605615
Abhijeet,8166513,11538,908,9303119
Varun Jain,8157904,-57655,817,10154680
Alan Menken,8137451,13443,753,10625887
Lee Brice,8137236,-11221,1012,8632311
Tito Double P,8130307,-302,1024,8561872
Miranda Lambert,8126024,3349,847,9945780
Iron Maiden,8124167,20608,937,8544793
Robert Miles,8120653,-6541,996,8703859
Willie Nelson,8118773,2815,1063,8118773
Dusty Springfield,8111448,19817,1114,8111448
MKTO,8109415,-11286,1020,8268756
Ha*Ash,8106767,11551,978,8106767
Sash!,8106511,22084,1089,8199995
Niklas Dee,8099854,62492,1118,8099854
JP Saxe,8087369,-49735,898,8627780
Omar Apollo,8084417,29283,592,11377789
Casper Magico,8078984,-19877,936,9193558
Cody Johnson,8078447,10247,1122,8078447
Elderbrook,8077241,15583,1057,8077241
American Authors,8071697,-4968,1078,8209997
WIU,8068432,-61560,701,9867079
Mc Daniel,8065244,157771,872,8544197
Jessie Murph,8054504,-35662,944,9191410
Oh Wonder,8051793,53565,944,9090385
Haricharan,8047463,986,1081,8073718
Gminxr,8045882,7904,1128,8045882
aespa,8043255,47202,1069,8071007
Keith Urban,8034893,-28142,909,9049969
BYOR,8029798,-26975,740,9536786
La Bouche,8015450,-22953,1073,8250843
UB40,8006128,-29735,1050,8392416
JP Cooper,7998244,-15659,826,8964796
Nina Simone,7984417,-5713,1027,8037059
Beach Bunny,7976203,52126,1130,7976203
Shweta Mohan,7976095,-4699,968,8062604
Selena,7967272,2274,947,8376374
John Travolta,7966275,26403,1080,8234398
Rashmi Virag,7965128,-14938,880,9440437
Victoria MonÃ©t,7961706,79229,1140,7961706
DJ 900,7958328,-16127,1018,8645994
MC Hariel,7952216,5946,1110,7952216
Sin Bandera,7951414,23545,1050,8194841
Majid Jordan,7941253,23716,1117,7941253
Murilo Huff,7938749,47751,1148,7938749
Years & Years,7938369,-1404,863,8720570
Diana Ross,7932655,-4931,957,8331381
Gryffin,7931217,-21070,654,10446335
Neeraj Shridhar,7927290,6549,822,9759193
Boston,7911611,-1558,1081,8170775
Brooks & Dunn,7911538,-5392,1024,8573894
VINAI,7909742,58963,1155,7909742
4 Non Blondes,7906098,4839,1148,7906098
Jay Sean,7903833,152,995,8063447
Parmish Verma,7895534,-1188,1156,7896722
Cali Y El Dandee,7894580,19244,1004,7894580
Why Don't We,7893717,52313,881,9228866
Ana Gabriel,7891142,-6246,1013,8004968
Belinda,7876933,-865,911,8261049
Skillet,7859277,-22331,1067,8228762
Keyshia Cole,7858105,37783,1164,7858105
Lady A,7845144,-34072,878,8478872
Patrick Watson,7837595,2985,928,8684924
IVE,7834887,-29791,608,11793543
Mario,7832468,5840,1070,8224894
Pineapple StormTv,7828956,-31277,1118,8011329
Freddie Dredd,7828226,-7414,651,10375038
J Hus,7824659,-22574,594,12569449
The Animals,7817616,10353,1125,7952143
Mike WiLL Made-It,7813540,78964,1173,7813540
El Jordan 23,7812264,-2650,1152,7819361
Omega,7808481,-19709,1062,8303230
ZECCA,7806625,-38078,1104,8088463
Luny Tunes,7800306,-5556,1153,7813052
Haddaway,7800181,-16642,1027,8484048
Shaarib Toshi,7784926,-1143,963,8923040
Antara Mitra,7784493,23673,1002,8673836
Sam Cooke,7781786,-2077,1040,8272187
Iggy Azalea,7781657,-4794,1020,8008146
Nusrat Fateh Ali Khan,7778749,88698,997,8542660
Powfu,7778111,13644,913,8230459
George Harrison,7766172,2607,1002,8521426
Etta James,7760975,-3994,1070,7780859
Caralisa Monteiro,7753051,7782,695,10073438
Jul,7744953,-16142,1032,8479209
John Summit,7731291,21913,1095,7731291
Masked Wolf,7731075,-3336,924,8528561
Crazy Mano,7730113,24986,1167,7730113
Audioslave,7718558,-10230,1128,7797330
Kavita Seth,7711859,-891,1110,7918741
GAMPER & DADONI,7710169,-8908,1142,7837654
Brando,7706875,19860,1124,7925404
Virgoun,7705521,-508,1193,7706029
Palak Muchhal,7704874,26129,913,8770113
David Bisbal,7689627,11518,954,8076574
Novo Amor,7688177,16929,1080,7933042
Baco Exu do Blues,7685466,43695,1086,7819392
Wallows,7683386,78789,963,8772525
Jungle,7678435,2556,1201,7678435
Axwell /\ Ingrosso,7674902,-11967,1172,7728680
Def Leppard,7672897,-3014,994,8333121
Two Door Cinema Club,7660633,15369,1200,7660633
Naresh Iyer,7657475,12049,1204,7657475
Nick Jonas,7656611,4960,844,8943545
Bob Seger,7650690,43244,1206,7650690
Tion Wayne,7646535,24249,902,8886575
Cascada,7633823,4062,1072,7761486
Kenny Rogers,7625035,-15465,1082,7822977
Connor Price,7622811,-6247,908,8497650
Queens of the Stone Age,7621932,-12735,1037,8472804
Tz da Coronel,7620486,5282,1206,7620486
Laura Pausini,7615297,-13734,827,9040595
Guaynaa,7611074,-12123,923,8534285
Marc SeguÃ­,7596817,-4166,1213,7600983
HAIM,7591333,-66276,920,9332787
Wall Hein,7591186,-39761,990,8785923
Natasha Bedingfield,7586238,13453,1214,7586238
Joan Jett & the Blackhearts,7580144,37452,1214,7580144
Lainey Wilson,7573256,4682,1189,7626700
Vintage Culture,7569887,13499,1053,7849803
Julian Perretta,7565070,-19654,1155,7755492
RÃ­o Roma,7550315,507,1021,7654075
Pamungkas,7549092,-8953,1170,7641250
Jelly Roll,7544680,-13925,1150,7795926
Mother Mother,7542393,10464,1008,7933220
Ilaiyaraaja,7539060,3469,1168,7551673
Alice In Chains,7538490,13875,1160,7594340
Trey Songz,7535981,39295,1091,7570205
Rich Brian,7532714,698,919,8254977
Neil Diamond,7529562,-3425,1102,8108826
Lil Mosey,7524816,4955,939,8289306
The Paper Kites,7524426,25623,1235,7524426
Rod Wave,7523338,21550,925,8562500
BoyWithUke,7515875,-18892,743,9580542
Pepe Aguilar,7500285,-24930,1185,7643143
MIKA,7498963,-11563,1168,7513747
Hiphop Tamizha,7498378,5253,1240,7498378
Cristian Castro,7495718,192,1067,7542953
Raim Laode,7492300,-8180,913,8878058
AlemÃ¡n,7484783,41995,918,8226286
The Temper Trap,7478706,-408,1176,7498017
Genesis,7477033,2925,1096,7649870
MF DOOM,7472553,4671,1229,7472553
Soolking,7469582,5586,1224,7491404
Ella Mai,7467769,11925,917,8167244
Jon Z,7467728,20667,1249,7467728
Carlos Baute,7465000,-23702,1183,7658070
The Wanted,7461981,3830,1178,7506378
Rise Against,7461922,-1985,1158,7713857
Jaideep Sahni,7460475,11993,1198,7460475
Dennis Lloyd,7459916,35680,1254,7459916
Alisha Chinai,7450826,-16172,1238,7477259
Kevin Kaarl,7449806,14477,1052,7635316
Iyaz,7442603,-4159,1019,8556472
Ricardo Montaner,7441261,-21816,1040,7854090
La Arrolladora Banda El LimÃ³n De Rene Camacho,7436924,-6503,1068,7945891
Chris Jedi,7433356,-16871,767,9356538
MÃ,7427902,-25176,1180,7669700
Franz Ferdinand,7425790,-14544,1177,7513658
Leo Santana,7424473,-39578,489,12793052
Mc IG,7424060,91484,1187,7424060
Melody,7419451,8981,1159,7720840
Neon Trees,7410573,-6270,1170,7521599
Kishore Kumar,7398777,14726,1265,7398777
Manuel Medrano,7392499,-60784,1144,7828358
RocÃ­o DÃºrcal,7388763,3693,1201,7461701
Roy Orbison,7388425,-15762,1181,7636001
Young the Giant,7385436,-48381,1181,7686796
Franco De Vita,7378841,-6171,1167,7389554
Trinix,7374660,5808,1270,7374660
Sleeping At Last,7370266,6441,1270,7370266
Tinashe,7367881,78049,1088,7367881
Incubus,7359385,6064,1215,7431933
Beck,7359167,13814,1214,7510815
Chuck Berry,7353276,6213,1185,7657716
Ludovico Einaudi,7346111,5407,919,8279959
Johann Sebastian Bach,7343195,20541,942,8173764
Feby Putri,7341988,2077,1214,7489978
ZoÃ©,7340262,-5901,1153,7607862
MatuÃª,7330801,-23855,920,9088979
Nakash Aziz,7330453,48175,1244,7330453
Hindia,7329545,20929,1285,7329545
Gazo,7329253,26870,1286,7329253
Kanii,7328172,-6816,961,8387470
JENNIE,7322686,36907,1172,7716100
Kenshi Yonezu,7322583,-31314,1024,7785393
Ikky,7319262,34374,1220,7339621
BONES,7310305,-21165,994,7968560
Edward Maya,7309240,-2558,1149,7804662
Sofi Tukker,7308618,-13574,972,8283427
KAYTRANADA,7302087,-14658,894,9416102
Fitz and The Tantrums,7299169,-8900,1253,7368380
Fivio Foreign,7298121,-9339,706,10141150
Lil Jon,7297027,9848,1228,7431810
SEVENTEEN,7288318,7698,889,9240435
Jarabe De Palo,7276410,-23558,1142,7399256
Simple Plan,7268208,-6104,1169,7473014
Omah Lay,7259159,-32606,913,9345648
Whethan,7258084,98319,1152,7755433
Gracie Abrams,7249522,-5825,922,8264007
DVRST,7246959,7616,792,9129451
*NSYNC,7246621,9522,1185,7437447
Los Dos Carnales,7239280,61410,1107,7552257
Leona Lewis,7227033,411,1113,7543658
Shashaa Tirupati,7221220,6690,797,8962957
The Kooks,7219432,13,1222,7312391
PEDRO SAMPAIO,7218461,-11742,934,8176180
Cole Swindell,7214084,-45881,1065,8270647
Filipe Ret,7208354,2257,1118,7390235
Stebin Ben,7205929,45847,1171,7205929
Omar Montes,7202554,84226,1228,7405354
Alanis Morissette,7201702,-28090,1144,7568383
AndrÃ©s Calamaro,7196124,-4058,1144,7200182
Dhanush,7195908,1308,1119,7751673
Social House,7183419,-13620,1176,7198904
BM,7178472,4254,1308,7178472
Chelsea Cutler,7176118,51331,968,8044298
Father John Misty,7173121,12356,1320,7173121
Tochi Raina,7160325,-13424,955,8968139
The All-American Rejects,7155666,-750,1216,7195721
Ankit Tiwari,7150276,-3670,986,8733054
Arunraja Kamaraj,7148230,5223,1325,7148230
Alex Rose,7142587,1999,1273,7160726
Fatboy Slim,7141845,-31819,1083,7929652
Banda El Recodo,7137912,5212,1086,7797977
Rick Astley,7133112,6507,1268,7250418
Pol Granch,7122367,-38994,1266,7360041
Luciano,7114338,-39746,829,9205446
Irene Cara,7114257,-9489,1232,7360429
Gulzar,7112796,9950,1333,7112796
Ivan Cornejo,7112184,-40522,1192,7263609
Gloria Gaynor,7109687,14432,1210,7425270
The Kinks,7103888,2254,1256,7248531
Gente De Zona,7103169,-2108,1162,7669082
The Proclaimers,7102855,-20049,1315,7168267
Vijay Prakash,7101591,-7304,1273,7236211
Hades66,7083886,-6140,1340,7090026
Paulina Rubio,7078202,21280,1085,7335283
Eros Ramazzotti,7073325,-20987,977,8893059
Travis Barker,7071955,-3116,855,9472692
Aaliyah,7069471,11520,1341,7069471
Lasso,7063765,-20006,750,9535035
CNCO,7048852,213,901,8273953
Far East Movement,7025256,54,1274,7085093
AFROJACK,7021172,-22220,851,8640590
Idina Menzel,7020457,-4188,1121,7439845
TarcÃ­sio do Acordeon,7019652,32448,1294,7179448
Brandi Carlile,7010142,15076,868,8790369
Kxllswxtch,7004753,261,1131,7726184
La Joaqui,7001250,-47168,610,10853959
Harrdy Sandhu,6994619,8080,1034,8391170
All Time Low,6993590,-8810,1081,7476410
CafÃ© Tacvba,6992070,-20568,1324,7114538
Kausar Munir,6991044,-20460,1128,7851402
Surfaces,6985635,28690,1043,8336270
Crowded House,6974771,3600,1315,6990527
Intocable,6973056,3074,1182,6981752
GROUPLOVE,6968705,-31240,1316,7133022
Sixpence None The Richer,6965766,19450,1362,6965766
Soundgarden,6961415,-2996,1296,6964411
Ricky Montgomery,6961044,-29096,1159,7444216
Fat Joe,6956966,-1748,1240,7032533
Anuradha Paudwal,6954008,920,1366,6954008
Fiersa Besari,6952560,4308,1255,7295990
Melendi,6947912,30444,1275,7018825
JT,6942888,75231,1369,6942888
Jory Boy,6941873,-9380,1123,7597345
Hippie Sabotage,6941785,11759,1217,7129907
Angel Y Khriz,6938642,4706,1240,6938642
Manoj Muntashir,6933450,-21971,1014,8579459
Baby Rasta,6928966,-9716,609,10986033
Adolescent's Orquesta,6928491,-18321,1362,6982829
Dyamante DJ,6928359,-24898,1114,7955745
Calle 24,6923319,322507,1377,6923319
Katrina & The Waves,6916936,-18437,1249,7316639
Five Finger Death Punch,6916097,-8105,1192,7227523
Aditya A,6912215,-22913,1213,7472939
Ninho,6908301,-8267,1193,7556733
Heuss L'enfoirÃ©,6907181,-17154,1319,7118046
Tom Walker,6904341,-12330,1077,7463462
Gajendra Verma,6900509,-18732,1043,8429794
Mika Singh,6899685,12772,1199,7005095
Tinie Tempah,6898942,-13627,1298,7125677
NUEKI,6896804,34812,1387,6896804
Meet Bros.,6896158,-2338,1115,7980418
Europe,6894430,-11521,1240,7290917
MC Rogerinho,6893155,72682,1387,6893155
Orochi,6893012,-8227,932,8123927
Ajaxx,6888729,9888,1224,6888729
Salve Malak,6886628,-36143,1309,7138958
Willie ColÃ³n,6884967,-10808,1365,6920664
Luar La L,6876457,-22646,1094,7351042
Don McLean,6873385,-20310,1117,7945750
DJ Jeeh FDC,6872417,-58452,1058,7518377
Denzel Curry,6871793,-29058,985,7991365
$NOT,6867326,-3625,890,8404075
Marquinho no Beat,6866543,1541,1138,7627292
Ja Rule,6865884,-1301,1266,6925060
Zoe Wees,6860027,-15546,1130,7591811
Skylar Grey,6860019,27058,1121,7395698
twocolors,6859492,34982,1404,6859492
Arjun Kanungo,6855585,-2650,1350,6942671
London Symphony Orchestra,6853042,5511,1145,7450279
Marca MP,6850333,3546,936,8788069
The Cars,6843957,9360,1109,7959787
Eve,6837499,2313,1356,6837499
Hardwell,6836444,-11627,1070,7807224
KC & The Sunshine Band,6833764,29841,1346,6976352
Culture Club,6827923,6655,1384,6827923
Prezioso,6824156,-2917,1189,7614612
Don Diablo,6822904,-13558,1235,7058796
NBSPLV,6813260,44353,1415,6813260
Trevor Daniel,6809162,43,968,8057301
SLANDER,6807380,-431,1001,8719324
Yung Gravy,6802418,-5994,992,7845433
Tiakola,6801231,113646,1419,6801231
G Herbo,6799383,-4506,1175,7665492
wave to earth,6795966,58537,1421,6795966
D.O.D,6795558,22981,1362,6894397
Falling In Reverse,6789582,12356,1195,7541964
Matchbox Twenty,6789098,-36516,1116,7950666
Ludwig van Beethoven,6784662,16520,1120,7134059
YUNGBLUD,6779584,16991,1022,7679145
Gloria Groove,6774629,-48218,1294,7167066
Naeleck,6771986,44279,1428,6771986
Lily Allen,6768399,987,1321,6892058
Ferrugem,6768151,12725,1430,6768151
Marilyn Manson,6764181,3671,1277,6802556
Dom Dolla,6763137,-4940,1105,8084738
Shafqat Amanat Ali,6755745,13889,1319,6902950
Kenia OS,6752449,-3789,660,10654452
Jamie Miller,6748550,-21990,1288,7017011
HVME,6745395,-10172,1094,7567924
Dreamville,6741877,4298,923,8328012
BANNERS,6740096,-1306,1183,7162532
Lil Pump,6738805,7553,1064,7549525
Ayushmann Khurrana,6730227,52895,1377,6849196
Toosii,6720793,-22569,759,10595580
Duke Dumont,6714435,223078,1364,6830967
Megan Moroney,6714429,-31987,1431,6746416
Masego,6710253,25742,1123,7402272
Callejero Fino,6699575,-34838,949,8288592
Gloria Estefan,6696606,-6881,1163,6989636
88rising,6695082,2182,1034,7606297
Kina,6684382,-8048,1115,7274585
Michelle Maciel,6683457,34212,1449,6683457
Cavetown,6683006,-14055,1114,7192919
Gloria Trevi,6671030,5222,1308,6671030
KEVIN ROLDAN,6670587,16672,1028,7762548
Ace of Base,6665071,10168,1404,6746395
Billy Ray Cyrus,6664516,-10832,1211,7146266
Adriano Rhod,6661405,8111,1261,7235223
Ludacris,6656208,-7073,1227,7331813
Joyner Lucas,6655489,65760,994,8137459
Deep Purple,6655221,5574,1331,6953828
Marta SÃ¡nchez,6651729,-17819,1399,6769023
Los Bukis,6650734,22956,1460,6650734
J Alvarez,6643715,-10357,1276,6688464
Anand Raj Anand,6643405,4431,1312,7079695
42 Dugg,6641927,978,816,9279623
Lalo Ebratt,6638947,-8044,1289,6725463
Michael Schulte,6638878,-14825,1392,6763607
Astrid S,6638440,-13979,1034,8152622
La Quinta Estacion,6637722,3373,1448,6647591
Mariah Angeliq,6636670,-21174,1153,7292039
Los Dareyes De La Sierra,6629412,-25723,1094,8109226
Martin Jensen,6628882,-10901,1009,7722826
Moby,6627516,-10706,1354,6889365
Mc Delux,6623143,142951,1472,6623143
Slowboy,6622381,33797,1448,6622381
Jim Croce,6618827,34968,1364,6883199
Garry Sandhu,6612739,-8819,1379,6726659
Joe Cocker,6612505,6299,1364,6732918
LeÃ³n Larregui,6610309,1113,1441,6619782
Tony Aguirre,6605280,22133,737,10073179
Faye Webster,6604099,-14574,1469,6618925
Cassie,6600844,95541,1239,7412114
Dierks Bentley,6587642,-7028,1130,7306967
JISOO,6587066,-27630,358,16659396
Djonga,6585287,-32600,1376,6913820
Roar,6584165,-27050,1002,7895115
Commodores,6583230,21847,1380,6583230
Russ Millions,6580755,75526,1265,6598871
Toby Keith,6578635,-12634,1231,7446093
Seether,6562468,4590,1382,6562468
Vansire,6555870,4794,1043,7563193
Thalapathy Vijay,6551458,452,1488,6552696
Khruangbin,6550844,-24387,1461,6575231
Eric Prydz,6550251,26706,1339,6649027
Buffalo Springfield,6546262,13556,1491,6546262
Fonseca,6537169,4709,1363,6644386
Aziz Hedra,6534748,29659,1495,6534748
Shakthisree Gopalan,6529743,5891,1453,6529743
Yot Club,6528885,-2298,1106,7327559
Nightcrawlers,6528478,548,1172,7178942
Stone Temple Pilots,6522596,-3207,1371,6880970
Frankie Valli & The Four Seasons,6520167,-1546,1112,8057325
ITZY,6519820,-14604,1313,6712862
Ray Dalton,6514778,-26978,1099,7677067
Al Green,6514184,1936,1444,6514184
Hesham Abdul Wahab,6508213,33552,1504,6508213
Cypress Hill,6507932,-17157,1349,6986666
El Komander,6506480,45328,1493,6506480
Oruam,6501359,5929,1062,7447471
Yeah Yeah Yeahs,6496342,11832,1286,6587292
Greeicy,6495794,21109,1283,6583585
Plain White T's,6492980,8207,1345,6540172
Ashanti,6488095,1474,1326,6690600
Dallass,6483772,-4748,1249,6890974
Oxlade,6479249,-39418,1192,7603048
The Living Tombstone,6477040,6148,1463,6477040
Nessa Barrett,6476686,1971,1065,7968073
Xand AviÃ£o,6473567,7446,799,9060333
Aldo Ranks,6469819,-187560,800,10303679
Rob49,6460755,-58397,1122,8014400
Olly Murs,6459605,-5879,1298,6682536
Gilberto Santa Rosa,6454977,-4454,1287,6526375
Emma Steinbakken,6452619,-49131,1029,8501007
Tai Verdes,6451469,-5269,1207,7228251
Ãneheart,6450810,-2574,1352,6848661
Gala,6450084,-22832,1420,6632004
Armani White,6449540,-10678,790,9169180
YouNotUs,6442258,-61557,1432,6697313
Cardenales De Nuevo LeÃ³n,6442248,7632,1443,6442248
ODESZA,6439018,-16679,1232,6960738
9lives,6436516,55883,1529,6436516
Dustin Lynch,6429689,18106,1287,7196018
JACKBOYS,6427448,-48,1269,6876798
Nat King Cole,6424044,24450,1373,6424044
Prod Malax,6423641,-15281,1421,6679507
KSHMR,6423232,-65825,1187,7488809
The Hollies,6421257,12928,1521,6421257
Lyodra,6420673,-634,1347,6919226
Elle King,6406688,-19556,1096,7911059
ARIZONATEARS,6402514,-14755,641,10670827
Bruno & Marrone,6402394,7527,1452,6415121
Charlie Brown Jr.,6395800,10550,1540,6395800
Matisse,6395675,-20893,1253,6528635
Pet Shop Boys,6391057,-9251,1352,6679478
El Chapo De Sinaloa,6380886,20997,1543,6380886
Dhee,6369496,16872,1544,6369496
Sujatha,6363931,-6191,1535,6372132
Eric Land,6361809,18410,1546,6361809
Asal Kolaar,6359807,15906,1547,6359807
Neo Beats,6353375,4299,956,8012871
Pantera,6352954,-731,1525,6353685
Nes,6350695,1186,1536,6351287
The Alchemist,6349631,-29466,1120,7310016
Bronco,6348574,5051,1455,6348574
Apache 207,6348087,-9674,1239,7314287
Mc Mika,6347445,87063,1554,6347445
Creed,6346909,-1319,1542,6348228
Aitch,6345876,37274,773,9426643
Romy,6341223,4769,1110,7215349
Wu-Tang Clan,6339135,-9618,1419,6402931
Ashnikko,6333006,15892,1259,6626552
Nagalli,6329411,-6731,1455,6571329
ATB,6328964,19118,1509,6328964
Alvaro Soler,6313179,31714,1311,6981343
Sanjay Leela Bhansali,6313035,16727,1286,7114756
1nonly,6311800,9747,1389,6311800
Kotim,6307280,7062,895,8320344
LATIN MAFIA,6300549,66302,1566,6300549
Jimmy Buffett,6299079,126692,1567,6299079
Crystal Castles,6295742,10703,1568,6295742
Dj Chris No Beat,6294614,18739,1395,6776982
Blackstreet,6291795,-3397,1532,6295192
John Mellencamp,6291748,-11124,1308,7110678
Mr.Kitty,6283377,5867,1065,7435156
Toploader,6279695,1130,1538,6287968
Tinlicker,6278297,19854,1460,6434892
Lauren Daigle,6274604,69197,1330,6582478
Ramones,6274031,-39934,1483,6545054
Nardo Wick,6272333,166,899,9227221
Anuv Jain,6271234,-21833,1403,6725261
Yandar & Yostin,6269339,62024,1579,6269339
Banda Los Recoditos,6263940,13144,1379,6431737
raissa anggiani,6263503,205,1365,6827986
Krono,6250635,5957,1349,6709052
Vampire Weekend,6248992,11384,1439,6372661
Breaking Benjamin,6248245,-2931,1433,6506213
Indila,6243088,-7424,1385,6644160
Lazza,6241608,-5902,1083,7325144
Mr. Probz,6238270,-15181,1320,7029177
deadmau5,6236404,-488,1302,6583562
Muni Long,6234161,-29655,906,9414284
Maite Perroni,6233154,15547,1175,6883353
Semicenk,6230358,8793,1540,6260568
Disciples,6229481,3809,1525,6295289
Stealers Wheel,6229304,-19928,1508,6352542
Aaron Smith,6228800,6295,1360,6683580
W&W,6227682,-24242,1541,6251924
Clayton & RomÃ¡rio,6226246,-14006,1280,7222239
Vijay Yesudas,6203484,2030,1595,6203484
Abraham Mateo,6202925,105451,1335,6846225
TAEYANG,6199305,-14205,1044,8196400
CamelPhat,6196763,1193,1583,6211491
Luck Ra,6196063,17767,1601,6196063
Perera DJ,6194583,16007,1602,6194583
Matt Maltese,6191642,-618,1279,6595342
Leo Dan,6188698,24043,1528,6188698
Matoma,6187522,-8872,1061,7558271
Tungevaag,6184876,-12751,1246,6968091
Ginuwine,6181400,5283,1343,6309542
Beret,6178616,-1221,1344,6605918
ERNEST,6175500,11577,1518,6175500
JoÃ£o Gomes,6174941,29134,907,8251427
RXDXVIL,6174620,9668,1611,6174620
Hiko,6171871,-34187,1057,7964045
Teto,6169689,654,981,7893583
RÃFÃS DU SOL,6167032,-1471,1459,6357692
Wale,6161904,-17107,1259,6636720
Waka Flocka Flame,6152082,30250,1472,6419677
Majestic,6148938,6678,1353,6424865
Steely Dan,6147794,5881,1488,6420590
Bobby Pulido,6141278,9271,1565,6200505
Grimes,6141085,-8444,1488,6416104
Ãwnboss,6139329,-319,1064,7398587
The xx,6136436,30071,1581,6136436
Corinne Bailey Rae,6131123,-10803,1590,6156488
Last Child,6129837,21744,1547,6129837
M. M. Keeravani,6128106,-6219,1058,7564940
EXO,6122742,3772,1337,7053204
PÃ©ricles,6120316,28079,1627,6120316
Young Money,6116602,-11633,1545,6167443
Wolfgang Amadeus Mozart,6115385,12050,1223,6669785
Bea Miller,6110833,-6163,1078,7414206
Wyclef Jean,6107463,6322,1606,6107463
Natalie Imbruglia,6106752,10854,1563,6218429
Kiki Dee,6104917,-1051,1479,6426072
Adriel Favela,6101314,24440,1218,7170042
Pusha T,6087929,-23561,1197,6817833
Celia Cruz,6085576,-6386,1348,6206551
Dulce MarÃ­a,6081569,17473,1191,6809255
Dxrk ãã¼ã¯,6078343,1195,1092,7340215
NCT DREAM,6072997,-6109,1405,6732407
Sara Bareilles,6065678,-21233,1397,6548202
Cuco,6062905,-12052,1346,6374023
Neoni,6062594,-3596,1642,6066190
Suki Waterhouse,6060605,-12786,1603,6155247
The National,6057136,-6899,998,8477095
Kid Rock,6057013,-27991,1373,6864416
The Blessed Madonna,6054307,-8428,1525,6278489
Lilly Wood and The Prick,6052127,9031,1411,6669746
Mc Poze do Rodo,6043724,-3675,1622,6047399
Panter BÃ©lico,6043031,38718,1649,6043031
Ovi,6039802,-21682,1106,7391087
Jazzy,6035596,4895,1582,6096401
Sukriti Kakar,6033425,26450,741,9579447
Bellakath,6032859,-17618,1006,8068245
LP,6032591,36112,1478,6032591
BENEE,6023434,-121,1188,6861046
Obongjayar,6021166,-211279,1590,6232445
bÃ´a,6010913,26378,1657,6010913
RBD,6009647,14604,1246,6551450
Lauana Prado,6006630,12554,1361,6901062
Sadfriendd,6004133,521,1362,6553727
New Order,5999430,-13176,1257,6523858
Shinedown,5998829,-4537,1552,6192670
FrÃ©dÃ©ric Chopin,5998524,15834,1249,6604866
Los AutÃ©nticos Decadentes,5996276,1226,1292,6390639
Sheck Wes,5991735,6199,1286,6537153
Alle Farben,5984512,-1480,1363,6910068
Westside Gunn,5984415,-54631,1310,7172261
Chris Young,5983454,-35943,1388,6557043
CRO,5980932,14738,1567,6167724
Pesado,5978102,-38642,1547,6326008
Bruno Martini,5977863,4219,1643,6004945
Chase & Status,5976556,18207,1620,6126260
La Roux,5974833,30974,1655,5974833
Kevin Gates,5973041,-4753,1347,6599566
Akhil,5965770,-1726,1079,8166073
Conor Maynard,5962639,-12089,1391,6804973
ThxSoMch,5958414,30674,783,9386209
Carly Simon,5946527,-38546,1483,6304383
DIVINE,5942055,-56840,1360,6899750
Mc Kevin,5937708,19787,1680,5937708
gnash,5936780,-58427,1507,6319126
DDG,5936525,-2638,1276,7270211
The Emotions,5930566,1435,1647,5938617
Ski Aggu,5923929,10708,1673,5923929
Chefin,5920459,18646,1480,5920459
Sam C.S.,5913782,55836,1686,5913782
11:11 Music Group,5906998,-19356,955,8141605
Simply Red,5894467,-3046,1557,6037555
Stevie Nicks,5891672,-37372,1461,6078955
Billy Currington,5890547,17537,1531,6254418
Lucky Daye,5888435,2088,1032,7754167
IU,5887646,12366,901,8805240
Rainbow Kitten Surprise,5883763,-20501,1093,7503419
Air Supply,5882855,15101,1640,5882855
Anvita Dutt,5873856,14454,1245,6689226
Mc Davi,5872226,12184,1420,6074336
Alejo,5869706,97747,1183,6997702
Boza,5855587,-13865,1462,6485199
AnahÃ­,5852075,18599,1241,6599848
Kaskade,5849006,-13322,1305,6562786
The Bangles,5843492,-1527,1629,6024943
Grupo Niche,5842270,-2944,1640,6013120
Phantogram,5839773,388,1252,6704724
The Pointer Sisters,5838959,-6953,1567,5992225
RADWIMPS,5836676,-5231,1315,6704898
Lennon Stella,5828897,-17581,1256,6542984
Duelo,5827392,12149,1636,5956645
Pat Benatar,5825536,5369,1673,5825696
Arizona Zervas,5823590,-4442,1247,6576145
Alvaro Diaz,5823414,7174,1498,5823414
Jet,5823302,-11781,1248,7356943
Ana Mena,5820910,-10217,1461,6177733
Suzanne D'Mello,5819657,11106,1266,7127071
JubÃ«l,5819473,-23831,1336,6965832
Cat Burns,5817846,-31278,1035,7835224
Frankie Ruiz,5817729,-9861,1671,5925252
Gabby Barrett,5817342,-3890,1534,6271572
Brett Young,5813932,-43120,1424,6662926
thuy,5808015,-17519,1651,5950997
GoldLink,5807342,10465,1600,5807342
Rob Zombie,5806788,6685,1720,5806788
Ana BÃ¡rbara,5804841,17988,1387,6143940
Chris Isaak,5802066,4695,1633,6019359
Peter Gabriel,5801260,7053,1504,5916206
Madism,5801190,-44396,1269,6536394
Dillon Francis,5800827,-1650,1205,6761800
TRASHXRL,5799172,14002,1727,5799172
Red Velvet,5797937,-6311,1034,7748512
A Touch Of Class,5797608,-5841,1445,6193660
Alexander Stewart,5792141,-43825,1709,5835966
La Mosca Tse-Tse,5791036,327,1708,5791036
Kenny Dope,5790912,-4910,1505,6169342
Steppenwolf,5790885,-14389,1656,5850511
MC Menor MT,5787911,-334,1018,7668287
Chino & Nacho,5786852,10356,1626,5797274
Mike Perry,5786843,-45560,1245,6662346
Lily-Rose Depp,5786818,39403,1148,7832924
Bryan Martin,5786225,356099,1738,5786225
ChitÃ£ozinho & XororÃ³,5784285,23909,1734,5784285
Hungria Hip Hop,5782625,3689,1730,5782625
Tyler Hubbard,5781660,72044,1488,6415587
Sub Urban,5779107,7331,1361,6184586
James Taylor,5775165,3863,1458,6099568
Whitesnake,5773102,-1852,1605,5797174
Caifanes,5772645,15370,1713,5772645
Martin Solveig,5772235,-12074,1465,6162897
Rich The Kid,5770895,15089,916,8433306
Beny Jr,5768253,-12704,1363,6831062
Naldo Benny,5767816,3438,1676,5869368
Elevation Worship,5759350,6938,1700,5759350
PSY,5756616,-11433,1429,5919444
Kris Kross Amsterdam,5753650,-19760,1652,5976796
Money Man,5752902,35230,1414,6115902
Wings,5746821,-13583,1659,5856394
Virlan Garcia,5742273,28800,1338,6495226
ValentÃ­n Elizalde,5739586,6246,1549,5888379
Bas,5736032,-71194,1448,6610936
LSD,5735368,11668,1684,5790042
Los Temerarios,5734984,36763,1759,5734984
Naps,5732205,-11179,1655,5862526
Yo Gotti,5730514,-44259,1624,6056530
Tom Jones,5729399,37091,1760,5729399
Christian ChÃ¡vez,5727190,18160,1273,6446229
A Tribe Called Quest,5726158,-5847,1747,5732005
La Ley,5719979,-24609,1503,5945410
Los Fabulosos Cadillacs,5719340,2000,1550,6185099
RAF Camora,5717441,21282,1336,6677495
Quality Control,5716972,28122,1305,6462956
Aastha Gill,5715876,535,1555,6157404
Abhijay Sharma,5709827,-28644,1055,8368836
Modern Talking,5709669,12570,1669,5732548
Teddy Swims,5706645,45131,1708,5706645
Paradox,5705107,11793,1772,5705107
Pierce The Veil,5704210,-6605,1629,5882692
Mc JacareÌ,5695310,1197,1189,6839972
Alice Cooper,5691834,2672,1415,6556165
Vanessa Carlton,5689510,-5104,1750,5697299
Ed Maverick,5686166,-6270,1492,5938489
Cookin' On 3 Burners,5685420,-5116,1701,5777256
"Grover Washington, Jr.",5685091,15398,1459,6084681
Mark Morrison,5683079,5243,1637,5684448
Ricchi E Poveri,5681238,-4915,1755,5692567
The Human League,5680811,667,1721,5744189
Dayglow,5674850,-16909,1335,6472359
City Girls,5674219,4051,1626,5919486
Leony,5671458,-17335,1353,6374523
Dean Martin,5670370,33259,1787,5670370
Sam Fischer,5667558,-6767,1198,6946107
salem ilese,5666254,-9976,1151,6989188
Klaas,5658306,-8523,1592,5862549
Nacho,5657267,27108,1460,5827157
TOLCHONOV,5656843,30867,1792,5656843
Capo Plaza,5651637,-8040,1674,5835486
Yiyo Sarante,5650385,-21026,1694,5858949
Edward Sharpe & The Magnetic Zeros,5647748,8209,1795,5647748
Good Charlotte,5641467,-3764,1598,5751573
Asake,5640895,23071,1698,5705919
Luude,5638719,-1395,1401,6109311
Codiciado,5638662,11731,1171,7311880
Mabel Matiz,5636924,-786,1709,5652537
Gaab,5635443,23743,1517,5844692
Bone Thugs-N-Harmony,5633774,-52891,1254,6586218
GORDÃO DO PC,5633229,16466,1803,5633229
imase,5632923,-11842,1518,6319389
Madhur Sharma,5626247,51683,1013,8122798
REO Speedwagon,5626038,7987,1718,5626038
Ari Abdul,5623507,-11859,1775,5678812
Dopamine,5623391,-2027,1410,6046891
The Rare Occasions,5620568,-13153,1757,5697276
Cian Ducrot,5617338,-37281,1192,6808318
Donna Summer,5614520,-3348,1577,6062032
Riley Green,5612574,-11330,1806,5623904
IZA,5612318,-45402,1606,6135383
Janet Jackson,5607659,-5618,1438,5941209
Afgan,5605853,22462,1726,5609635
Dubdogz,5605586,-12433,1538,5737985
MoonDeity,5604684,6257,1533,5790882
Ghostemane,5599751,1884,1414,6359963
6arelyhuman,5597344,-2532,1815,5599876
KIDDO,5596583,-26062,1402,6301013
Andrea Bocelli,5594155,-3254,1597,5597409
Frankie Valli,5591748,-1460,1712,5648272
Dylan Scott,5582471,-5754,1713,5764983
Au/Ra,5582389,-8030,1194,6859938
Anand-Milind,5579028,-10194,1704,5688294
L-Gante,5578133,-12407,1045,7518307
Turma do Pagode,5575097,38272,1707,5575097
Tom Rosenthal,5573894,-2912,1288,6517430
Maldy,5566826,-30639,691,10201287
Omar Varela,5564940,41756,1452,5956446
Don Henley,5560094,-890,1657,5838373
southstar,5548972,-13654,1386,6611447
Haley Reinhart,5548552,7394,1600,5548552
Luis Mexia,5548082,-5053,1378,6219575
Eddie Santiago,5539283,-17733,1765,5629944
Alan Gomez,5532449,-420,1383,6158065
Savage Garden,5526918,-2586,1621,5713014
Stefflon Don,5524458,-4322,1552,5741225
Jigar Saraiya,5523047,9356,1672,5813191
Baby Tate,5520562,-10958,693,10931256
Angus & Julia Stone,5514273,3060,1733,5514273
S. Janaki,5513029,2063,1838,5514959
Helsloot,5508000,37244,1631,5916044
N.W.A.,5505285,-46830,1558,5819704
Volbeat,5502566,-5260,1709,5808321
Flo Milli,5501444,41620,1390,6521078
Dewa 19,5501235,47012,1847,5501235
vaultboy,5490461,-43558,1608,6035064
Yebba,5482727,569,1720,5482727
Maninder Buttar,5481944,29419,1702,5651281
Gur Sidhu,5481672,-25820,1701,5701016
Vidyasagar,5478898,1945,1847,5478898
Yung Lean,5470331,-45464,1430,6742195
Keisya Levronka,5469605,32942,1507,6259545
Sezen Aksu,5469120,-893,1817,5497509
Thiaguinho,5468388,38362,1837,5468388
For Revenge,5464494,-11388,1795,5589243
Mrs. GREEN APPLE,5463651,-7229,1816,5470880
Awdella,5463582,-2389,1706,5671244
Flowdan,5463217,41238,1571,5621988
YOVNGCHIMI,5459116,16996,1612,6007605
Still Woozy,5457956,10837,1517,5888212
Canserbero,5457808,12723,1862,5457808
Kim Carnes,5452849,23551,1864,5452849
El Chachito,5448677,-18868,1072,7650499
Victor Thompson,5448503,-16020,1637,5927623
Riar Saab,5440350,-29470,1064,8331361
Clinton Kane,5438819,-6373,1049,7469785
Gipsy Kings,5434951,-7902,1756,5587010
Four Tops,5432920,11858,1814,5432920
Elefante,5422283,16317,1825,5422283
Lefty Sm,5409932,191077,1872,5409932
Lupe Fiasco,5406219,4709,1781,5534886
Sohail Sen,5403286,12109,1845,5403286
Sonder,5400651,10148,1875,5400651
Sevek,5398651,-8545,1291,6415204
Teezo Touchdown,5395227,67,1254,7377072
Jamie Foxx,5394594,3966,1751,5394594
Baby Gang,5392111,-2080,1625,5920044
Huey Lewis & The News,5391967,-13688,1709,5517867
Eiffel 65,5390391,-16156,1586,5725560
LF SYSTEM,5389552,2421,1390,6340364
Roberto Carlos,5386395,-4404,1593,5768938
CeeLo Green,5383566,53909,1875,5383566
Jennifer Warnes,5381530,-7127,1732,5504554
ICON,5377896,217299,1886,5377896
Salim Merchant,5377661,-8431,1636,5804113
UZI,5374125,11264,1840,5382813
MC Caja,5371985,-47336,1530,6236016
SinÃ©ad O'Connor,5365408,-63098,939,9208047
Mufasa & Hypeman,5363435,4470,1417,5977567
g3ox_em,5360272,-8922,1367,6310602
Dexys Midnight Runners,5359413,-11848,1820,5473777
Tujamo,5358925,-5967,1673,5543630
K.Flay,5357591,8823,1579,5523747
Idgitaf,5356732,129723,1896,5356732
Supermode,5353187,11980,1897,5353187
Summer Cem,5349708,-5256,1861,5407012
Bruno Major,5347053,-8784,1554,6005603
Jacquees,5346989,71379,1635,5516860
Emmanuel,5346227,9557,1666,5559713
Vundabar,5346127,10165,1752,5479239
Enny-Mae,5345022,55736,1903,5345022
Miky Woodz,5344736,10217,1779,5443706
Batas Senja,5339137,27856,1905,5339137
Daya,5338959,-5657,1348,6667067
Borges,5335195,-7426,1860,5394626
Lil Jon & The East Side Boyz,5334135,1821,1895,5339898
Chris Lake,5332706,5948,1668,5671324
The Chicks,5332535,-17302,1753,5594264
El Padrinito Toys,5328495,11148,1283,6692915
Michael Giacchino,5326143,987,1616,5464141
CJ,5325611,-5969,1576,5856465
Xavier Wulf,5320312,-4078,1890,5332964
Hillsong Worship,5319501,3968,1546,5748178
Fuego,5319105,-13857,1138,7079607
Phoenix,5318692,-2289,1477,5975682
Estelle,5317839,-12373,1829,5330212
La K'onga,5313823,-4259,1750,5406769
Jake Owen,5313820,-17446,1468,6347763
Claude Debussy,5310857,17457,1500,5769369
Anuradha Sriram,5307403,-64,1915,5307467
Ingratax,5304725,36149,1526,5751282
Tornillo,5303346,11365,1675,5540492
Westlife,5300030,-872,1466,5880391
Mecano,5299434,-6219,1772,5439758
Reyli Barba,5292459,6426,1874,5292459
Mae Muller,5290637,-24725,999,8352415
JEON SOMI,5288735,-34337,1905,5323072
Skepta,5287855,2545,1551,5556176
FKJ,5287623,2598,1572,5638156
Damian Marley,5285846,-3958,1764,5531789
The Kolors,5281135,17756,1933,5281135
Robin Thicke,5280360,-7332,1657,5413392
GuÃ¨,5280088,3534,1702,5729244
Cedric Gervais,5279702,-2011,1884,5288938
Vishal Chandrashekhar,5276593,-249,1871,5280878
CafunÃ©,5273275,6647,1539,5788075
Pretenders,5269480,4380,1623,5356170
Extreme,5269266,-9920,1696,5432537
Zeeba,5268980,-14395,1860,5389315
Alejandra Guzman,5268419,16426,1827,5268419
Boyz II Men,5267806,5101,1697,5524240
Randy,5267366,24269,1491,5969025
Yura Yunita,5264950,574,1377,6198752
Hillsong UNITED,5264609,738,1641,5534876
La Factoria,5263938,-19690,1171,7662486
Brandy,5262182,-17567,1731,5510369
6YNTHMANE,5258249,3626,1947,5258249
Marnik,5257714,40019,1950,5257714
Amaarae,5256368,-5120,1263,7250780
Liam Payne,5256111,7939,1594,5717293
Deepend,5255763,-20729,1777,5538439
Old Jim,5253672,65126,1954,5253672
R. City,5250888,-15301,1653,5329737
Mobb Deep,5248092,-9536,1719,5261424
Yasser Desai,5247211,505,827,8738809
The Calling,5244167,-9549,1906,5297911
Megadeth,5243596,-576,1649,5357683
Budi Doremi,5243551,-2578,1508,6032948
"HÃ©ctor ""El Father""",5236407,-2067,1770,5456651
Paloma Mami,5235080,-11405,800,9021292
Hollow Coves,5230817,3662,1847,5428035
Lola Amour,5224235,-2043,1895,5319145
Lifehouse,5224090,-6433,1770,5328538
Mohammed Rafi,5223361,14898,1756,5492066
Declan McKenna,5223215,-23240,1698,5766144
Dadju,5222196,1745,1639,5364487
AnnenMayKantereit,5221614,-8616,1380,6211064
The Score,5221178,4207,1576,5570597
Damso,5220016,-4803,1571,6049902
Travie McCoy,5219000,13835,1563,5961970
Slayer,5216826,8794,1527,6092992
DannyLux,5211483,73419,1974,5211483
Yohani,5208463,-1005,983,7904494
JÃ³sean Log,5206024,-573,1972,5206597
Lourena,5203305,-46259,1750,5695060
Chord Overstreet,5202733,-18736,1615,5602600
347aidan,5202019,33295,1020,8259475
Natalie Cole,5200736,6963,1765,5313346
AJ Tracey,5200593,147988,1655,5548261
Miksu / Macloud,5197746,15942,1476,5961631
Jakes Bejoy,5195616,33371,1983,5195616
Safri Duo,5192641,34237,1984,5192641
Punctual,5190803,6757,1884,5190803
Auli'i Cravalho,5190662,37857,1986,5190662
Love Funk,5189815,6190,1868,5189815
OFFICIAL HIGE DANDISM,5189533,-13343,1603,5730064
Parker McCollum,5187842,13711,1783,5503289
Los 2 de la S,5187279,-6211,1861,5376903
Vengaboys,5184467,-4502,1821,5399892
Bausa,5178867,37845,1992,5178867
Yuri Redicopa,5177751,-15739,1111,7223674
Seal,5174965,59486,1763,5500825
KYLE,5171771,12134,1626,5570937
Axwell,5169001,11418,1914,5263010
Sido,5167480,-8738,1427,6066332
reidenshi,5164722,4811,1732,5569657
George Benson,5160734,14311,1824,5337767
AngÃ¨le,5160323,-14086,1404,6042394
Tayc,5158404,-7696,1398,6136150
The Monkees,5154577,-9869,1564,6152680
creamy,5151580,-16038,1042,7626751
Walker Hayes,5145882,-23949,1379,6069648
Ami Mishra,5145747,-10605,1955,5198742
Aditya Rikhari,5142370,-2025,1908,5273515
Avvy Sra,5142370,11000,2007,5142370
Sadie Jean,5139811,11904,2008,5139811
Chris MC,5137527,10684,1733,5140484
Yoko Gold,5136051,16094,2010,5136051
Takagi & Ketra,5136051,-13490,1886,5261651
Jamiroquai,5133107,-8993,1733,5332057
Ruel,5132839,-10071,1016,7721711
Delacruz,5128705,16114,1920,5128705
NDX A.K.A.,5127508,58560,2015,5127508
A Day To Remember,5124985,22568,1803,5251262
lucidbeatz,5124322,-28347,1797,5484059
Elvis Crespo,5124057,-28067,1882,5270376
Jerry Rivera,5123659,-11454,1912,5215668
Eliza Rose,5122997,-16545,1078,7458821
Edwin Luna y La Trakalosa de Monterrey,5119561,28248,1881,5119561
Surf Mesa,5115479,-23256,1686,5699227
Polo Gonzalez,5112984,9528,1632,5597770
Nicky Romero,5109581,-9584,1565,6125301
LUCKI,5107622,17593,1835,5395995
Jay Rock,5106970,5980,1758,5420413
Ezhel,5106840,-33913,1896,5323582
ANAVITÃRIA,5098401,10166,2028,5098401
Twisted Sister,5098013,-35762,1829,5412007
JosÃ© GonzÃ¡lez,5096721,8871,1858,5096721
John Williams,5092726,14940,1703,5491437
Ziva Magnolya,5089644,-2825,1461,6381695
Walk off the Earth,5081215,-16023,1514,6229255
Dimitri Vegas,5079816,-7011,1421,6178078
Pras,5079689,8350,1974,5079689
Marina Sena,5073736,76110,2036,5073736
Vince Staples,5072348,-7468,1174,7106334
Jere Klein,5065934,15060,2038,5065934
Jasmine Sandlas,5065433,-3389,1839,5346627
Juhn,5062680,-2878,1687,5346206
Tempoe,5060183,-15070,1731,5673324
Neto PeÃ±a,5058813,21202,1721,5196467
Marracash,5058066,1244,1979,5156626
Kelis,5056077,-9481,1746,5142100
Nathan Evans,5055084,6432,1571,5678656
Gurlez Akhtar,5055084,-27276,1553,6138173
Billy Ocean,5054340,8890,1985,5065809
Sharn,5046311,5155,2048,5046311
Little Big Town,5044467,-11486,1713,5563087
NATHY PELUSO,5043853,-54548,1341,6680438
Mike BahÃ­a,5043730,19577,1369,6457022
DJ LUCAS DE PAULA,5042136,3670,2052,5042136
Naza,5041278,-12938,1854,5336814
Mareux,5040544,8652,1486,5792068
zzoilo,5039199,-9699,1511,5841395
Antonio Vivaldi,5036514,13565,2050,5036514
Yung Bleu,5036026,-9547,1305,6498839
JÃ£o,5035661,38387,1516,5854762
Yuri,5031164,8937,1587,5547541
EST Gee,5030073,-9004,1410,6176130
40k,5028741,6634,2060,5028741
Brad Paisley,5027048,-4116,1731,5643084
Ivy Queen,5019585,-8793,1672,5800824
DJ BOY,5014559,31861,2064,5014559
Young Dolph,5014082,8556,1541,5582984
NOTD,5013843,-24379,1352,6363600
BLANCO,5013009,2738,1946,5183345
Murda,5012055,-2863,2065,5014918
Rachel Platten,5008726,-17477,1939,5033957
Lil' Kim,5008014,-25821,1758,5661568
Aldo Trujillo,5004461,31789,1605,5665196
Jass Manak,5004461,25462,2072,5004461
Shenseea,4996101,-68956,1579,6201949
Andy Rivera,4990719,9872,1399,6004762
Warren G,4988155,-1981,1897,5047789
Pradeep Kumar,4987922,-2680,2071,4990719
Felipe AraÃºjo,4986875,49281,2077,4986875
Cream,4985829,-11328,2025,5056574
Amenazzy,4985133,2435,2075,4985133
mxmtoon,4983509,16100,1860,5002689
Lil Skies,4981194,2195,1612,5440185
Desiigner,4977846,-10891,1596,5773731
Andmesh,4975313,1149,1556,5593048
Dr. Dog,4974738,10065,2084,4974738
Marisela,4973360,19783,2085,4973360
Alex Gaudino,4972442,-18627,1838,5378708
Mau P,4971869,-5631,2000,5108666
Judas Priest,4971296,9805,1922,5164308
NEIKED,4970151,-16027,1184,6838785
Ella Fitzgerald,4968436,10570,1929,4968436
Dardan,4966724,59415,1823,5315807
Josh Turner,4965698,-2510,1780,5331930
Brendon Urie,4963649,-33038,2001,5045450
K. J. Yesudas,4963081,4197,2053,4963081
ANNA,4962513,-2160,1949,5136722
Cutting Crew,4961377,8475,2007,5010984
Blue Ãyster Cult,4961151,3285,1965,5166928
Victony,4960130,-7507,1542,6214858
Los Plebes del Rancho de Ariel Camacho,4959337,14508,1687,5449582
Pancho Barraza,4957300,1806,1978,4958658
Snoh Aalegra,4954140,8976,2077,4954140
ChiChi Peralta,4951889,-28265,2020,5067817
Nate Smith,4949979,-36664,1739,5242175
Ariel Camacho y Los Plebes Del Rancho,4949194,15807,1847,5033835
The Paul,4946393,9686,2105,4946393
Lloyd,4941595,-1337,2057,4942932
Godsmack,4941595,2447,1794,5192075
Rocco Hunt,4937261,-13841,1904,5263418
Michael Sembello,4929637,-17092,1736,5397049
MC LCKaiique,4919994,-62357,1817,5522693
BIBI,4919122,34203,1448,5959770
Tori Kelly,4918468,-12932,1360,6354473
Nothing But Thieves,4917706,176491,1912,5213357
MC PR,4915531,7036,2112,4915531
PLK,4910763,-4225,1864,5181664
MC Marks,4909466,32325,2116,4909466
Omar Courtz,4907524,67518,1263,7328285
Simge,4906555,-14421,1848,5336887
Third Eye Blind,4906555,-12022,1794,5503251
Nanpa BÃ¡sico,4906016,7293,1584,5566408
Arsy Widianto,4904941,-6579,2058,4922506
K-391,4902685,-107,1823,5349180
yuji,4901934,-39104,1552,5901117
Andra & The Backbone,4900006,26941,2082,4900006
Jay Trak,4895628,67281,2125,4895628
Mohammed Irfan,4894137,1596,1541,6127566
Belinda Carlisle,4893392,-8006,1971,4967637
Tee Grizzley,4890843,174802,1957,5192358
MotÃ¶rhead,4889676,-2653,1804,5105928
Glee Cast,4888511,-10746,1721,5111805
Vini Vici,4887982,-12131,1845,5149270
Swarnalatha,4886185,12807,2129,4886185
Cochise,4885446,4949,1705,5555526
Armand Van Helden,4879972,25925,1963,4879972
Alexandra Stan,4878608,-1154,1770,5443158
LAGOS,4874840,-13248,1655,5355930
Eric Carmen,4871085,13858,2052,4903007
SIRA,4870877,30871,2138,4870877
Russell Dickerson,4870565,-15515,1497,6379745
Blueface,4870045,90519,1725,5142370
Bella Poarch,4869005,13215,1641,5446745
BUNT.,4867240,43580,1747,5604619
Juicy Luicy,4866929,5172,1683,5595944
Tom Morello,4866515,14004,1585,5916840
Mandy Moore,4865582,3205,1803,5413499
The Righteous Brothers,4864340,8140,1827,4970151
Shiva,4863306,-11430,1866,5291932
Clementine Douglas,4860005,34951,2015,5078420
Michael Kiwanuka,4858358,-2883,1970,4878084
Sam Tinnesz,4856919,12964,1969,4948969
Mimi Webb,4852921,-31681,839,8814474
The Cinematic Orchestra,4845681,1523,1910,5048035
Diego Torres,4842536,19871,1900,4842536
Aruma,4837482,-7082,1654,5369473
Conjunto Primavera,4837281,16404,1394,6716361
Bonez MC,4836877,6729,1744,5487431
La Santa Grifa,4834060,14075,1928,4834060
The Supremes,4832252,12961,1999,4837281
Isaiah Rashad,4831651,5700,2128,4847003
Naiara Azevedo,4831149,3601,1293,6645620
The Red Jumpsuit Apparatus,4827148,1197,2022,5027048
Berlin,4826450,28056,2011,5103716
Interplanetary Criminal,4824456,-6894,1073,7488841
Kaifi Khalil,4823063,-12103,1038,8200279
Lary Over,4822864,1887,2112,4822864
Vaundy,4822765,-11697,1729,5403418
grandson,4820183,-6167,1577,5825965
Bo Burnham,4819390,-4867,1526,5627655
High School Musical Cast,4816816,1876,1942,5091827
Jordin Sparks,4816125,-8730,1761,5268538
Bnxn,4815532,4139,2053,4884497
Jon Bellion,4813559,-8709,1985,5147100
Lil Tracy,4813067,3737,1858,4923272
Pyotr Ilyich Tchaikovsky,4811098,8811,1732,5142640
MC Kevinho,4810116,-10265,1731,5146965
Village People,4809330,-24428,1958,5102547
Alex Ubago,4808251,-1570,1862,5157720
Allman Brothers Band,4804239,-684,1941,5149134
Juicy J,4804043,-6171,1793,5178030
Belo,4803946,4483,2132,4838289
Alina Baraz,4802092,-27455,1636,5438452
Bappi Lahiri,4799463,972,2118,4804141
Uncle Kracker,4798977,-10157,1758,5563301
BROCKHAMPTON,4796550,-8373,1563,5517549
Craig David,4793065,-4164,1691,5210763
WOS,4789110,38192,1514,5932412
Los Cadetes De Linares,4786802,-7037,1962,5029952
HRVY,4786226,-20555,1371,6199179
Sonny Fodera,4785746,34643,2168,4785746
CORBAL,4783445,478,1784,5490795
Nic D,4782775,-12225,1825,5331810
Diego Verdaguer,4779431,15623,1906,4784691
T3R Elemento,4778573,-3724,1787,5218275
Nitesh Ujoli,4776763,2186,2192,4776763
Sunny Yaduvanshi,4774197,2465,2195,4774197
cade clair,4773628,17685,2196,4773628
Lou Bega,4772301,-7416,1983,5040177
Sheila On 7,4768706,16674,2182,4768706
Toledo,4766349,-12128,2096,4885657
Sorriso Maroto,4765783,10306,2010,4780576
Paolo Nutini,4765689,-18810,1851,5335879
Hensonn,4764278,-1788,1482,5821605
Lali,4763808,96371,2028,4763808
Chaka Khan,4760898,8308,1908,5208319
Grupo Los de la O,4759681,842,1410,6073733
Os BarÃµes Da Pisadinha,4758839,51472,2006,4942932
Sefo,4758090,1867,2180,4758090
R.K.M & Ken-Y,4757530,4289,2203,4757530
Priya Saraiya,4754079,-20118,2049,4794322
MC Celo BK,4751289,-61876,1869,5376329
Ãejo & Dalmata,4746009,1939,2147,4762211
Corona,4742504,-27714,2103,4875885
Poppy Baskcomb,4740296,-33522,2114,4773818
Silambarasan TR,4739561,5496,1718,5167480
Los Abuelos De La Nada,4739010,13679,2215,4739010
Jaziel Avilez,4738918,1559,1551,5865092
Dylan Matthew,4738551,-1377,1884,5125515
$werve,4734522,-8719,1915,5213646
Lucas Estrada,4732878,-7969,1939,5157720
CÃ³digo FN,4731146,104238,2220,4731146
Yo-Yo Ma,4728871,18740,1730,5111674
Corey Kent,4728144,-9857,2139,4802482
Keala Settle,4725694,-3268,1863,4785170
Zak Abel,4724878,-5903,1922,5252459
A-Trak,4724697,9554,1953,4825552
Fabio Asher,4722346,2346,1945,5023430
Sickick,4721533,-7065,1462,5825279
Sanam,4720811,23548,1537,6025452
Gustavo Cerati,4720541,-5969,2146,4726510
Reynmen,4720000,1081,2070,4887771
Ado,4713261,12464,1979,4765030
Redbone,4712187,-9617,1522,6134164
Gabriela Rocha,4712187,-19597,2144,4742504
Royal Philharmonic Orchestra,4708971,6580,1941,5029952
Amy Macdonald,4708703,15490,2143,4708703
Tippu,4708079,-4018,2229,4712097
Bullet For My Valentine,4707545,-7150,2072,4879133
That Mexican OT,4706743,34150,2238,4706743
Fernando & Sorocaba,4706476,23145,2239,4706476
Kenny Beats,4704609,14817,1861,4860726
Ken-Y,4701771,-23289,1863,5308388
James TW,4701062,-15338,1526,5724452
Chimbala,4700266,-21538,1727,5181944
Richard Marx,4698322,-11541,2092,4747951
Los Invasores De Nuevo LeÃ³n,4696029,-1410,1922,5183205
Noah,4694972,20827,2246,4694972
The Greatest Showman Ensemble,4694532,-5822,1927,4749155
Roberta Flack,4693477,25526,2099,4843245
Chris Janson,4692335,-39631,1952,5143719
Pav Dharia,4691457,10300,1854,5195758
The Backseat Lovers,4690405,-3951,2057,4808251
putri dahlia,4688654,-45046,1559,5903604
Stacey Ryan,4688479,-29180,984,7932194
MC Caverinha,4686731,-50995,1335,6957816
Hugh Jackman,4686557,7222,1859,4976809
Iggy Pop,4686033,6438,1752,5157583
Caio Luccas,4684289,-5415,2144,4741031
Janieck,4684289,15909,2255,4684289
Grupo Mojado,4683854,-24314,2068,4757530
Gigamesh,4683505,-1568,2249,4685073
Mano,4681071,6581,2260,4681071
Rupert Holmes,4680810,-1651,1950,5024394
Manni Sandhu,4680723,-2521,2178,4683244
Imran Khan,4678295,4581,1911,5189110
Michel TelÃ³,4676564,-10953,1977,5119957
Mijares,4675872,-13220,1902,4779908
Lil Mabu,4675181,-11987,1043,8404295
Jon Batiste,4674490,2413,1709,5352576
Kaash Paige,4672507,13778,1802,4984901
Erik Satie,4672421,14033,1914,4823660
Switch Disco,4669668,-6809,1888,5250840
Jaden,4669410,-9752,1588,6077159
MUPP,4664783,6395,1427,5957353
Joel De La P,4661794,-14597,1488,6390957
Carly Pearce,4660090,-22023,2257,4682113
Roisee,4659920,-70497,768,10515606
SCH,4655927,-14171,2029,4973934
Naresh Kamath,4655757,-42830,2179,4782679
Barry White,4653640,11361,2122,4653640
OBOY,4651526,2951,2142,4652456
Leon James,4647229,5536,2100,4678382
The Magician,4645212,-5217,2047,4898295
BjÃ¶rn Skifs,4641777,-18483,1809,5334470
Prabh Singh,4641693,63299,2284,4641693
S.P. Charan,4640105,7325,2148,4640105
Jawsh 685,4639354,-250,1702,5273265
Paresh Kamath,4638603,-42468,2190,4765972
R. Kelly,4637769,-1835,1983,4760711
Tesher,4637769,-21385,1936,5197888
Morray,4637686,584,1797,5098530
Rixton,4634524,10499,1796,4912819
Conrad Sewell,4628807,-12468,2127,4750546
Tom Misch,4627651,18166,2293,4627651
Thin Lizzy,4624354,-1482,1943,5017189
Zahrah S Khan,4624190,-2058,1844,5082233
Anson Seabra,4621971,8666,1598,5523997
Kid Ink,4620248,-11538,1620,5422800
cakal,4620002,-820,2176,4730599
Nena,4619183,-6488,1902,5114296
NEIMY,4618774,-4593,2223,4695676
Guilherme & Santiago,4613712,8194,1850,5207888
Hadise,4613468,-13275,2234,4684463
Hollywood Undead,4605356,-9823,1941,4943266
DVBBS,4603419,-20277,1374,6240761
Arem Ozguc,4601565,-6785,1638,5496761
Arman Aydin,4601404,-6703,1639,5496094
Pooh Shiesty,4599956,23214,1883,4904511
Claptone,4594344,-5853,2118,4603177
Sam Tompkins,4593385,4464,1783,5537551
Super Yei,4591549,16064,2005,5059685
Pablo Chill-E,4590433,11172,1871,4865064
Anna Kendrick,4589796,-1434,1928,4744993
Grupo RevelaÃ§Ã£o,4589558,39751,2129,4589558
Mitchell Tenpenny,4589160,-36017,1988,4939926
Nico & Vinz,4585982,635,1655,5713984
Inspector,4579576,8089,2302,4579576
Ammy Virk,4579261,13936,1632,5896835
DÃ­melo Flow,4576034,-9234,1562,5516943
Ken Carson,4575485,5093,2156,4575485
RunâD.M.C.,4574150,-20754,2103,4742872
James Brown,4570470,-11790,2000,4827748
Warren Zeiders,4567972,24963,2322,4567972
DJ Ak beats,4567583,15935,1312,6359873
Liana Flores,4565636,8446,2017,4565636
Fabolous,4561211,-1395,1784,5476866
Monica,4561056,-7852,2124,4639354
Madcon,4560978,13850,1804,5453974
Alexis y Fido,4559585,7400,2048,4638186
Rick Springfield,4559276,-2555,2230,4587649
Emir Can Ä°Ärek,4558425,-14628,1773,5558046
A Great Big World,4557885,-4101,1945,4836877
Divya Kumar,4557653,8842,1374,6109192
Los Gemelos De Sinaloa,4557576,30960,1584,5550154
XG,4553184,-35578,1731,5428551
MC Davo,4553184,31429,1744,5111019
Tiziano Ferro,4552723,-13380,2247,4625836
Cheap Trick,4552646,-5393,1925,5065809
Daniel Hope,4552416,-1537,1855,4821970
Against The Current,4551725,-21250,2022,4988854
Mc Tato,4550957,-9015,1247,6597357
Geolier,4548122,-307,2081,4857946
Chani Nattan,4546364,5485,1464,6373045
Mani Sharma,4545830,10105,2343,4545830
Bryce Vine,4544533,-23361,1862,5080579
Dent May,4544304,34198,2345,4544304
Aleks Syntek,4543313,12491,2010,4543313
Luca-Dante Spadafora,4543161,29137,2347,4543161
Adie,4541183,-11079,1985,4821374
Ananya Bhat,4541031,-3578,1890,5181804
Ben Howard,4540575,-1749,2045,4844361
Pixote,4539057,37988,2351,4539057
Barbra Streisand,4536860,-8283,1956,4746471
Ludwig GÃ¶ransson,4535876,4979,2264,4621889
Mukesh,4534440,14921,2195,4646052
Niska,4533157,10581,1850,4982351
Major RD,4522650,-62856,1997,5116399
Amanda Seyfried,4521233,-5682,2014,4832052
Ranjith Govind,4521083,12452,2358,4521083
Tedua,4519147,670,2101,4801605
Luther Vandross,4518328,11022,2129,4588523
MERO,4516990,1781,1954,4642530
ZHU,4514320,38261,2175,4557035
jnhygs,4514098,15586,2363,4514098
Ray LaMontagne,4514024,-7731,2098,4531499
Poison,4511065,18520,2278,4514172
Four Tet,4510844,-33460,1632,5925530
JosÃ© Feliciano,4504880,294,1916,4753427
Wheatus,4504440,23010,2015,4511583
PnB Rock,4503706,-2055,1634,5350593
DYSTINCT,4503633,-11428,1994,5019225
Vegedream,4500192,-6452,1823,4898402
Nadson O Ferinha,4500192,10328,2339,4510327
Kanishk Seth,4496543,6969,2205,4636769
Vicentico,4495815,-11638,2150,4515358
LIZOT,4495015,-15238,1879,4874944
Peter Plate,4495015,14375,2376,4495015
Showtek,4494361,7749,2018,4926998
Blind Melon,4492763,-11530,2165,4543085
Mustafa Zahid,4489068,72166,2379,4489068
Dan Caplen,4488056,-1591,2143,4639521
fam0uz,4487261,10202,2313,4511435
Yovie Widianto,4482076,-12139,1822,5335015
Hypaton,4479350,-17849,2010,4830949
Dybbukk,4479278,-12034,1629,5438489
Carpenters,4477918,6705,1985,4605437
Disco Lines,4476702,-15988,2059,4894882
Ulf Leo Sommer,4475987,15174,2387,4475987
Staind,4474988,214,2078,4867240
Vicetone,4473206,-7076,2085,4694092
Ben&Ben,4472921,-2067,1859,5059186
Olivia O'Brien,4472778,-3281,1640,5363511
Shiraz Uppal,4471924,7161,1842,5292492
Julien Marchal,4471426,-21046,1664,5336898
RubÃ©n Blades,4469863,-3984,2145,4538678
Aloe Blacc,4465470,-14166,1806,4889570
Kapil Kapilan,4462433,66915,2396,4462433
Kontra K,4462010,-19348,2382,4481358
Ali Sethi,4461658,-7353,1572,5697972
Pouya,4454776,-8010,2129,4584951
Ayparia,4453028,-70295,1723,5782673
t.A.T.u.,4452888,4392,1884,4906555
Xanemusic,4451352,1952,779,9445482
Nina Chuba,4450864,-70,1538,5671256
Fran C,4449818,-6289,1961,4863720
Night Lovell,4448913,-4115,1945,4668037
Sophie and the Giants,4445924,1456,1778,5528305
ZÃ© Vaqueiro,4445716,25907,1582,5470612
Otto Knows,4442806,9164,2166,4699382
Ravi Basrur,4436115,-8561,1813,4969465
Lucas & Steve,4431792,-17887,1745,5293950
Harish Raghavendra,4430287,6000,2254,4501874
MÅnia,4429740,10811,2321,4429740
Blue Swede,4428442,-14433,1922,5080070
Gorgon City,4427623,-8973,2171,4688042
SXMPRA,4426124,-681,1901,5108927
Hamza,4425579,-15844,1647,5520810
Ikka,4425307,3736,1667,5328895
Srinivas,4420012,-1898,2402,4421910
MÃ½a,4418997,-12521,2066,4959677
Take That,4418862,-3998,1952,5001981
Toni Braxton,4418862,5667,2024,4794806
Rich Music LTD,4418118,-5829,2034,4668037
Madan Mohan,4417780,6802,2423,4417780
Snakehips,4416767,-22309,1325,6435806
Shae Gill,4416497,202,1660,5260900
Tay-K,4415620,14664,2008,4718738
Waylon Jennings,4414811,2086,2177,4597628
Shoti,4413599,-10620,2177,4758745
JoÃ£o Bosco & Vinicius,4408832,34141,2429,4408832
Djavan,4408095,11121,2334,4408095
Fedez,4407894,-21436,2150,4767763
CHVRCHES,4403219,10146,1762,5098789
DJ Yuri Martins,4401888,-11711,1743,5113640
Salt-N-Pepa,4399893,-24870,2249,4445023
Skank,4398035,14160,2137,4398035
Dhibu Ninan Thomas,4397703,-6316,2411,4406423
Manan Bhardwaj,4397041,43979,2281,4480353
Jon Secada,4392941,263,1868,4789785
j-hope,4392348,2438,640,10803011
Joy Division,4392150,11476,2303,4413666
Pinguini Tattici Nucleari,4391952,-22118,2254,4635688
La T y La M,4391293,-3101,1683,5215379
Modest Mouse,4387676,-3485,2234,4648070
Afro Bros,4384006,31261,2325,4511287
thiarajxtt,4383940,-6234,1943,5123659
Mr Eazi,4383417,2025,1921,5005526
Twista,4379827,19754,2228,4379827
Naughty Boy,4377548,36988,1937,4717299
Kizz Daniel,4374432,6206,2125,4805607
Pinkfong,4371131,-6808,2358,4393932
Laura Branigan,4368807,-7247,1939,5188828
BIN,4368162,-774,1959,4662988
DJ Scheme,4367131,3342,2164,4583605
Molotov,4359370,3764,2325,4373784
Hande Yener,4359306,7133,2328,4450724
TWISTED,4357455,-13546,923,8195322
Julio Iglesias,4353126,-12397,2363,4434329
I Prevail,4352808,-1971,2128,4685946
PNL,4349511,126,1959,4885974
Damas Gratis,4349068,-23550,2230,4661368
Baby Bash,4347930,-6913,2055,4409971
Yellowcard,4346982,-20987,2165,4767385
Dj Chetas,4345530,17760,1874,4945946
Shruti Pathak,4345467,-4171,1767,5422202
ANOTR,4342004,-3211,2263,4565636
Meat Loaf,4340434,-8191,1842,4944940
La Sonora Dinamita,4338616,-7230,2300,4360841
NO1-NOAH,4335550,-2878,2187,4634441
lucaf.,4335550,11926,2113,4792389
Sebastian Ingrosso,4334551,-7391,2219,4442806
Puddle Of Mudd,4331871,10345,2195,4331871
Headie One,4327832,-33201,1561,5729948
Spandau Ballet,4325602,7154,2277,4328825
Rkomi,4322636,-3090,2290,4521904
Imogen Heap,4318817,43476,2475,4318817
Annalisa,4318633,-4929,2181,4702214
Travis Tritt,4318141,8262,2228,4596505
LegiÃ£o Urbana,4318080,32127,2371,4318080
Agust D,4315441,-5530,904,8823983
Seu Jorge,4312748,20880,2429,4312748
Drowning Pool,4309452,5409,2477,4309452
Onda Sabanera,4306896,-304,2198,4679162
Mura Masa,4305378,76251,1860,4790556
SG Lewis,4298481,1266,1798,5053596
Grupo Recluta,4297878,19347,1573,5750882
Chalino Sanchez,4296192,5641,2363,4331248
Styx,4295710,-2349,2388,4375989
Kris Kristofferson,4294989,13258,2488,4294989
Tierry,4293968,27789,2228,4293968
Ritviz,4292828,1199,2386,4344270
Merk & Kremont,4292348,-8004,2396,4412388
Parson James,4291689,7463,2480,4293608
Christopher Jackson,4286251,43947,2493,4286251
Rush,4285059,5048,2265,4285059
YBN Nahmir,4281434,-3328,1995,4684202
JosÃ© Luis Perales,4279952,1953,2291,4361097
Olamide,4279241,-415,2384,4301258
Shalmali Kholgade,4277053,6831,1926,4717659
La Receta,4276935,-22632,2405,4401754
Violet Days,4274633,-37993,2029,4974853
